Price,Adj Close,Close,High,Low,Open,Volume,Daily Return,Volatility
Ticker,CFLT,CFLT,CFLT,CFLT,CFLT,CFLT,,
Date,,,,,,,,
2021-06-24 00:00:00+00:00,45.02000045776367,45.02000045776367,47.0,42.310001373291016,44.0,12012700,,
2021-06-25 00:00:00+00:00,46.150001525878906,46.150001525878906,46.77000045776367,45.0,45.84000015258789,2108500,0.025099979045432708,
2021-06-28 00:00:00+00:00,53.15999984741211,53.15999984741211,55.119998931884766,46.86000061035156,46.9900016784668,3479500,0.1518959499405932,
2021-06-29 00:00:00+00:00,50.0,50.0,57.9900016784668,48.34000015258789,54.65999984741211,3230400,-0.0594431876689695,
2021-06-30 00:00:00+00:00,47.5,47.5,50.0,46.39799880981445,50.0,3747400,-0.050000000000000044,
2021-07-01 00:00:00+00:00,44.25,44.25,48.65999984741211,43.57500076293945,47.79999923706055,1691700,-0.06842105263157894,
2021-07-02 00:00:00+00:00,43.5,43.5,45.400001525878906,43.25,45.06999969482422,983000,-0.016949152542372836,
2021-07-06 00:00:00+00:00,43.0,43.0,44.599998474121094,42.63999938964844,43.18000030517578,972900,-0.011494252873563204,
2021-07-07 00:00:00+00:00,42.0,42.0,43.56999969482422,41.104000091552734,42.5099983215332,562600,-0.023255813953488413,
2021-07-08 00:00:00+00:00,42.650001525878906,42.650001525878906,43.9109992980957,40.5,41.16999816894531,521600,0.015476226806640625,
2021-07-09 00:00:00+00:00,45.810001373291016,45.810001373291016,46.27000045776367,42.5,42.5,731000,0.07409143574109156,
2021-07-12 00:00:00+00:00,45.060001373291016,45.060001373291016,46.0099983215332,43.68000030517578,45.310001373291016,528400,-0.016371970694532223,
2021-07-13 00:00:00+00:00,43.33000183105469,43.33000183105469,46.73500061035156,42.970001220703125,44.54999923706055,526800,-0.038393242110768666,
2021-07-14 00:00:00+00:00,41.5,41.5,43.79999923706055,41.400001525878906,42.9900016784668,685300,-0.0422340584750015,
2021-07-15 00:00:00+00:00,40.47999954223633,40.47999954223633,41.45000076293945,39.709999084472656,41.43000030517578,493800,-0.02457832428346196,
2021-07-16 00:00:00+00:00,40.400001525878906,40.400001525878906,41.47999954223633,40.20000076293945,40.279998779296875,329600,-0.0019762356043001583,
2021-07-19 00:00:00+00:00,40.13999938964844,40.13999938964844,41.189998626708984,39.0,39.11000061035156,428600,-0.006435696198276664,
2021-07-20 00:00:00+00:00,40.630001068115234,40.630001068115234,40.97999954223633,39.16999816894531,39.849998474121094,497700,0.012207316540048696,
2021-07-21 00:00:00+00:00,39.36000061035156,39.36000061035156,40.95000076293945,38.81999969482422,40.310001373291016,744800,-0.03125770180597698,
2021-07-22 00:00:00+00:00,39.369998931884766,39.369998931884766,39.4900016784668,37.709999084472656,39.029998779296875,791100,0.00025402239273786265,
2021-07-23 00:00:00+00:00,40.040000915527344,40.040000915527344,40.29999923706055,38.119998931884766,39.099998474121094,709900,0.01701808488239398,
2021-07-26 00:00:00+00:00,40.0,40.0,41.79999923706055,39.459999084472656,39.7400016784668,1199800,-0.0009990238414763208,
2021-07-27 00:00:00+00:00,39.0099983215332,39.0099983215332,40.183998107910156,37.900001525878906,39.59000015258789,1292700,-0.024750041961669966,
2021-07-28 00:00:00+00:00,39.22999954223633,39.22999954223633,39.79100036621094,38.599998474121094,39.0,741600,0.005639611129685251,
2021-07-29 00:00:00+00:00,39.0,39.0,40.0,38.709999084472656,39.29999923706055,497000,-0.005862848455776892,
2021-07-30 00:00:00+00:00,39.189998626708984,39.189998626708984,39.38999938964844,38.5099983215332,38.86000061035156,393100,0.004871759659204722,
2021-08-02 00:00:00+00:00,41.540000915527344,41.540000915527344,41.75,39.25,39.560001373291016,579500,0.05996433710555871,
2021-08-03 00:00:00+00:00,41.40999984741211,41.40999984741211,42.13999938964844,40.11000061035156,41.900001525878906,365700,-0.003129539365672951,
2021-08-04 00:00:00+00:00,41.5099983215332,41.5099983215332,41.709999084472656,40.61199951171875,40.84000015258789,428500,0.0024148387947251493,
2021-08-05 00:00:00+00:00,40.25,40.25,42.0,39.720001220703125,41.720001220703125,987200,-0.030354092326705384,
2021-08-06 00:00:00+00:00,44.369998931884766,44.369998931884766,46.06999969482422,40.2599983215332,42.29999923706055,4937500,0.10236022191018046,
2021-08-09 00:00:00+00:00,47.279998779296875,47.279998779296875,48.59000015258789,43.150001525878906,43.25,5825500,0.06558485277133852,
2021-08-10 00:00:00+00:00,50.4900016784668,50.4900016784668,51.79999923706055,46.4900016784668,46.869998931884766,3076200,0.06789346408730301,
2021-08-11 00:00:00+00:00,50.060001373291016,50.060001373291016,51.33000183105469,48.33000183105469,50.130001068115234,1117600,-0.008516543689464195,
2021-08-12 00:00:00+00:00,54.150001525878906,54.150001525878906,54.20000076293945,49.83000183105469,50.0,1679500,0.08170195845759731,
2021-08-13 00:00:00+00:00,54.0,54.0,54.5,52.77000045776367,54.0,755000,-0.0027701112031772723,
2021-08-16 00:00:00+00:00,51.9900016784668,51.9900016784668,53.9900016784668,51.810001373291016,53.59000015258789,963200,-0.03722219113950376,
2021-08-17 00:00:00+00:00,52.470001220703125,52.470001220703125,54.70000076293945,51.09000015258789,51.790000915527344,1315800,0.009232535617230697,
2021-08-18 00:00:00+00:00,52.72999954223633,52.72999954223633,53.45199966430664,51.79999923706055,52.290000915527344,337500,0.004955180398025449,
2021-08-19 00:00:00+00:00,52.06999969482422,52.06999969482422,54.119998931884766,51.02000045776367,52.2599983215332,929500,-0.012516591184178805,
2021-08-20 00:00:00+00:00,54.025001525878906,54.025001525878906,54.130001068115234,52.040000915527344,52.18000030517578,459900,0.037545647061891785,
2021-08-23 00:00:00+00:00,55.779998779296875,55.779998779296875,59.97999954223633,53.65999984741211,54.470001220703125,2445500,0.032484908909762744,
2021-08-24 00:00:00+00:00,52.02000045776367,52.02000045776367,55.45000076293945,51.31999969482422,55.45000076293945,1052400,-0.06740764438540559,
2021-08-25 00:00:00+00:00,52.90999984741211,52.90999984741211,54.70000076293945,51.619998931884766,52.029998779296875,784900,0.017108792422465546,
2021-08-26 00:00:00+00:00,57.68000030517578,57.68000030517578,58.0,52.0,52.43000030517578,949600,0.09015309906482605,
2021-08-27 00:00:00+00:00,55.0,55.0,57.599998474121094,54.650001525878906,57.20000076293945,799400,-0.046463250537384204,
2021-08-30 00:00:00+00:00,56.13999938964844,56.13999938964844,57.505001068115234,54.4900016784668,55.13999938964844,722700,0.020727261629971627,
2021-08-31 00:00:00+00:00,55.90999984741211,55.90999984741211,56.630001068115234,54.731998443603516,55.75,405300,-0.004096892496203597,
2021-09-01 00:00:00+00:00,53.06999969482422,53.06999969482422,57.20000076293945,52.79999923706055,56.900001525878906,991800,-0.0507959248853288,
2021-09-02 00:00:00+00:00,54.47999954223633,54.47999954223633,55.2599983215332,52.58000183105469,53.5,926400,0.026568680149241075,
2021-09-03 00:00:00+00:00,59.0099983215332,59.0099983215332,60.0,54.279998779296875,54.93000030517578,1481200,0.08314975802789681,
2021-09-07 00:00:00+00:00,61.33000183105469,61.33000183105469,61.70000076293945,57.77000045776367,59.76599884033203,1857400,0.039315430867838064,
2021-09-08 00:00:00+00:00,58.72999954223633,58.72999954223633,62.0,57.58000183105469,61.5,1309300,-0.04239364440230353,
2021-09-09 00:00:00+00:00,64.9000015258789,64.9000015258789,65.5999984741211,58.54999923706055,59.5099983215332,1692400,0.10505707528918595,
2021-09-10 00:00:00+00:00,65.51000213623047,65.51000213623047,67.11000061035156,63.54600143432617,65.05000305175781,1080200,0.009399084684278858,
2021-09-13 00:00:00+00:00,65.1500015258789,65.1500015258789,66.0,62.220001220703125,66.0,913300,-0.005495353359978972,
2021-09-14 00:00:00+00:00,63.869998931884766,63.869998931884766,66.48999786376953,63.29999923706055,65.43000030517578,566200,-0.019647007889718848,
2021-09-15 00:00:00+00:00,67.33999633789062,67.33999633789062,68.83000183105469,62.720001220703125,63.349998474121094,1276600,0.05432906629146017,
2021-09-16 00:00:00+00:00,67.73999786376953,67.73999786376953,68.5999984741211,65.6500015258789,67.47000122070312,1142200,0.0059400289223632274,
2021-09-17 00:00:00+00:00,69.76000213623047,69.76000213623047,71.0,66.58399963378906,68.01000213623047,2806100,0.029819963628037405,
2021-09-20 00:00:00+00:00,63.72999954223633,63.72999954223633,67.8499984741211,62.11000061035156,66.55999755859375,1112500,-0.08643925472104319,
2021-09-21 00:00:00+00:00,65.5999984741211,65.5999984741211,66.87999725341797,64.69999694824219,65.0,878100,0.029342522286469608,
2021-09-22 00:00:00+00:00,69.04000091552734,69.04000091552734,70.0199966430664,64.80999755859375,65.76000213623047,774000,0.05243906282655342,
2021-09-23 00:00:00+00:00,72.61000061035156,72.61000061035156,72.98999786376953,67.73999786376953,71.70999908447266,747900,0.051709149007576505,
2021-09-24 00:00:00+00:00,71.16000366210938,71.16000366210938,74.25,66.80999755859375,73.18000030517578,929900,-0.01996965894578806,
2021-09-27 00:00:00+00:00,70.16999816894531,70.16999816894531,73.7300033569336,69.04499816894531,71.88999938964844,739900,-0.013912386765252638,
2021-09-28 00:00:00+00:00,62.56999969482422,62.56999969482422,68.94999694824219,62.22999954223633,68.09200286865234,1178400,-0.10830837498132606,
2021-09-29 00:00:00+00:00,58.7599983215332,58.7599983215332,64.0,58.529998779296875,63.70000076293945,1459400,-0.06089182342774058,
2021-09-30 00:00:00+00:00,59.650001525878906,59.650001525878906,61.45000076293945,58.900001525878906,59.25,1104800,0.015146413032138373,
2021-10-01 00:00:00+00:00,63.560001373291016,63.560001373291016,64.7300033569336,59.0,59.849998474121094,844700,0.06554903180875482,
2021-10-04 00:00:00+00:00,59.06999969482422,59.06999969482422,63.16999816894531,58.5,63.16999816894531,892100,-0.07064193803421737,
2021-10-05 00:00:00+00:00,59.13999938964844,59.13999938964844,61.63999938964844,58.77000045776367,59.709999084472656,423600,0.0011850295443687209,
2021-10-06 00:00:00+00:00,62.900001525878906,62.900001525878906,63.65999984741211,58.13999938964844,58.16999816894531,967600,0.0635779874033715,
2021-10-07 00:00:00+00:00,67.18000030517578,67.18000030517578,67.73999786376953,62.34000015258789,64.0199966430664,1507600,0.06804449404561552,
2021-10-08 00:00:00+00:00,64.58999633789062,64.58999633789062,67.19000244140625,64.0999984741211,67.08999633789062,603500,-0.03855319969514226,
2021-10-11 00:00:00+00:00,60.36000061035156,60.36000061035156,65.33000183105469,59.65999984741211,64.0,879100,-0.06548995149977443,
2021-10-12 00:00:00+00:00,63.720001220703125,63.720001220703125,65.18000030517578,61.36000061035156,61.36000061035156,819700,0.05566601352511147,
2021-10-13 00:00:00+00:00,66.5,66.5,67.69999694824219,64.12899780273438,64.44999694824219,1056200,0.04362835414374766,
2021-10-14 00:00:00+00:00,67.44999694824219,67.44999694824219,70.69999694824219,66.9000015258789,68.0,805600,0.01428566839461931,
2021-10-15 00:00:00+00:00,66.9000015258789,66.9000015258789,69.58000183105469,65.93000030517578,68.80000305175781,898700,-0.008154120789439334,
2021-10-18 00:00:00+00:00,65.52999877929688,65.52999877929688,67.83999633789062,64.8030014038086,67.44000244140625,671100,-0.020478366447451823,
2021-10-19 00:00:00+00:00,66.66000366210938,66.66000366210938,69.5,65.62000274658203,65.87000274658203,935500,0.017244085210780025,
2021-10-20 00:00:00+00:00,66.66000366210938,66.66000366210938,67.30500030517578,63.310001373291016,66.73999786376953,853700,0.0,
2021-10-21 00:00:00+00:00,68.83000183105469,68.83000183105469,69.875,64.51000213623047,66.76000213623047,1230700,0.03255322606858435,
2021-10-22 00:00:00+00:00,67.79000091552734,67.79000091552734,69.9489974975586,65.1500015258789,68.18000030517578,876600,-0.015109703441241518,
2021-10-25 00:00:00+00:00,68.45999908447266,68.45999908447266,71.30000305175781,65.33999633789062,67.83000183105469,1390100,0.00988343649353518,
2021-10-26 00:00:00+00:00,65.88999938964844,65.88999938964844,68.84100341796875,63.220001220703125,68.73999786376953,1715300,-0.03754016548631711,
2021-10-27 00:00:00+00:00,63.43000030517578,63.43000030517578,65.88999938964844,61.683998107910156,64.9800033569336,928900,-0.0373349386441052,
2021-10-28 00:00:00+00:00,67.16000366210938,67.16000366210938,68.19000244140625,62.749000549316406,63.86000061035156,1188600,0.0588050345102904,
2021-10-29 00:00:00+00:00,67.94999694824219,67.94999694824219,70.26000213623047,66.0009994506836,66.51000213623047,823500,0.011762853529719397,
2021-11-01 00:00:00+00:00,70.88999938964844,70.88999938964844,71.69999694824219,66.22000122070312,67.5,857700,0.04326714604042836,
2021-11-02 00:00:00+00:00,75.94999694824219,75.94999694824219,76.16000366210938,69.98999786376953,71.05000305175781,1381100,0.07137815773958978,
2021-11-03 00:00:00+00:00,76.55000305175781,76.55000305175781,78.5999984741211,72.12000274658203,76.55000305175781,823900,0.007900014846933034,
2021-11-04 00:00:00+00:00,73.5999984741211,73.5999984741211,78.80999755859375,73.19000244140625,76.62999725341797,1458700,-0.03853696224730563,
2021-11-05 00:00:00+00:00,93.5999984741211,93.5999984741211,94.97000122070312,77.0999984741211,78.25,5727900,0.271739136068492,
2021-11-08 00:00:00+00:00,88.0,88.0,91.4000015258789,83.97000122070312,91.4000015258789,7701900,-0.05982904450227533,
2021-11-09 00:00:00+00:00,89.94999694824219,89.94999694824219,89.94999694824219,84.11000061035156,87.12000274658203,4468900,0.0221590562300249,
2021-11-10 00:00:00+00:00,89.61000061035156,89.61000061035156,90.94000244140625,85.58000183105469,87.45999908447266,3781800,-0.0037798371253560115,
2021-11-11 00:00:00+00:00,88.12999725341797,88.12999725341797,91.75,87.02999877929688,90.06999969482422,3833200,-0.01651605118684296,
2021-11-12 00:00:00+00:00,90.01000213623047,90.01000213623047,94.0,87.30999755859375,89.06999969482422,3140200,0.021332179069591284,
2021-11-15 00:00:00+00:00,80.0,80.0,87.0,78.19000244140625,87.0,5691800,-0.11120988666437637,85.72135437246476
2021-11-16 00:00:00+00:00,81.93000030517578,81.93000030517578,83.44000244140625,77.5,83.33000183105469,2901700,0.024125003814697177,85.71629697417168
2021-11-17 00:00:00+00:00,79.81999969482422,79.81999969482422,82.2300033569336,79.0199966430664,81.45999908447266,1484000,-0.02575369952999096,82.66441944270784
2021-11-18 00:00:00+00:00,80.16000366210938,80.16000366210938,83.0,79.66999816894531,81.83999633789062,1762600,0.004259633783326056,82.0091396080429
2021-11-19 00:00:00+00:00,79.75,79.75,85.31999969482422,79.31999969482422,80.08999633789062,2564200,-0.005114815910408632,81.53713943006387
2021-11-22 00:00:00+00:00,77.08999633789062,77.08999633789062,81.5,72.62999725341797,81.5,2624700,-0.0333542778947884,80.90509107710314
2021-11-23 00:00:00+00:00,75.62000274658203,75.62000274658203,79.80000305175781,74.05999755859375,75.6500015258789,1848100,-0.019068538865477658,80.92162475825208
2021-11-24 00:00:00+00:00,79.79000091552734,79.79000091552734,80.11000061035156,73.5,73.8499984741211,1540900,0.0551441155446637,81.22945438755241
2021-11-26 00:00:00+00:00,81.04000091552734,81.04000091552734,81.7300033569336,77.5,78.88999938964844,828700,0.015666123394626252,81.08987294013933
2021-11-29 00:00:00+00:00,84.44000244140625,84.44000244140625,84.83000183105469,79.08999633789062,82.0,2000400,0.04195460868050738,81.26214951867496
2021-11-30 00:00:00+00:00,78.0199966430664,78.0199966430664,85.5,75.91999816894531,83.69999694824219,1759300,-0.07603038385503069,81.65234424644063
2021-12-01 00:00:00+00:00,70.55999755859375,70.55999755859375,82.13999938964844,70.36000061035156,80.66999816894531,1909200,-0.0956165009670713,83.17462953608766
2021-12-02 00:00:00+00:00,77.01000213623047,77.01000213623047,78.75,70.4000015258789,70.4219970703125,2641500,0.09141163266453578,83.96753881728146
2021-12-03 00:00:00+00:00,72.68000030517578,72.68000030517578,76.91200256347656,68.0,76.58999633789062,4256900,-0.05622648631271199,84.20585740271149
2021-12-06 00:00:00+00:00,68.75,68.75,71.62000274658203,66.33999633789062,70.2699966430664,4790400,-0.05407265119254423,84.61624500667388
2021-12-07 00:00:00+00:00,73.08999633789062,73.08999633789062,76.27999877929688,70.7300033569336,71.58000183105469,2493600,0.06312721946022726,85.07682958125494
2021-12-08 00:00:00+00:00,69.01000213623047,69.01000213623047,72.37999725341797,64.0999984741211,67.9000015258789,10235800,-0.05582151328614915,85.63942717659442
2021-12-09 00:00:00+00:00,66.9000015258789,66.9000015258789,69.58999633789062,65.69999694824219,68.5999984741211,6409900,-0.030575286843003924,85.8400525572685
2021-12-10 00:00:00+00:00,64.44000244140625,64.44000244140625,68.7300033569336,63.11000061035156,67.68000030517578,2819000,-0.03677128592472534,85.90605473659481
2021-12-13 00:00:00+00:00,63.77000045776367,63.77000045776367,67.26000213623047,62.77000045776367,64.30000305175781,3384100,-0.010397299166023388,85.94190300038753
2021-12-14 00:00:00+00:00,62.88999938964844,62.88999938964844,65.0,59.2599983215332,61.400001525878906,2450300,-0.013799608935208929,85.98271871859558
2021-12-15 00:00:00+00:00,63.86000061035156,63.86000061035156,64.94999694824219,60.18000030517578,63.2400016784668,3073300,0.015423775323851974,85.98856445145894
2021-12-16 00:00:00+00:00,59.97999954223633,59.97999954223633,67.3499984741211,58.40999984741211,64.05000305175781,2738100,-0.06075792406876823,86.5057471730189
2021-12-17 00:00:00+00:00,63.27000045776367,63.27000045776367,64.19000244140625,58.5,59.66999816894531,6960200,0.05485163288823647,86.85644919363475
2021-12-20 00:00:00+00:00,65.16000366210938,65.16000366210938,65.7699966430664,60.7599983215332,61.599998474121094,2356000,0.02987202766984942,86.91509487814102
2021-12-21 00:00:00+00:00,68.94999694824219,68.94999694824219,69.25,65.65499877929688,66.0,1826100,0.05816441180368903,87.2992888020406
2021-12-22 00:00:00+00:00,69.5,69.5,71.62999725341797,67.98999786376953,69.0,2560400,0.007976839392330515,86.88727925368228
2021-12-23 00:00:00+00:00,71.7699966430664,71.7699966430664,74.0,68.12999725341797,69.5,1384700,0.03266182220239444,86.97104559581044
2021-12-27 00:00:00+00:00,76.58999633789062,76.58999633789062,78.56999969482422,71.58999633789062,71.61000061035156,1878500,0.06715897896436474,87.4907995699134
2021-12-28 00:00:00+00:00,74.95999908447266,74.95999908447266,77.30000305175781,74.06999969482422,76.73999786376953,747000,-0.02128211687368331,87.40243187801072
2021-12-29 00:00:00+00:00,75.08000183105469,75.08000183105469,76.04000091552734,72.61000061035156,74.37999725341797,1003000,0.0016008904488753473,86.07794474587213
2021-12-30 00:00:00+00:00,77.36000061035156,77.36000061035156,78.5999984741211,75.11000061035156,75.18000030517578,1332200,0.030367590885617357,85.64498312815397
2021-12-31 00:00:00+00:00,76.23999786376953,76.23999786376953,78.16000366210938,75.51000213623047,77.75,892300,-0.014477801677164948,85.13451815665142
2022-01-03 00:00:00+00:00,69.91999816894531,69.91999816894531,76.62000274658203,69.01000213623047,76.62000274658203,2200200,-0.08289611584351297,86.25776841746163
2022-01-04 00:00:00+00:00,64.97000122070312,64.97000122070312,69.68000030517578,63.27000045776367,69.68000030517578,2283000,-0.07079515271556036,86.19237571906993
2022-01-05 00:00:00+00:00,60.79999923706055,60.79999923706055,64.93000030517578,60.31999969482422,63.25,2077100,-0.06418349861926398,86.85019005913614
2022-01-06 00:00:00+00:00,64.9000015258789,64.9000015258789,66.5999984741211,57.939998626708984,60.290000915527344,4598600,0.0674342490175428,87.21622629634449
2022-01-07 00:00:00+00:00,67.11000061035156,67.11000061035156,70.41000366210938,64.12000274658203,66.95999908447266,2539300,0.034052373382324364,87.34541502990439
2022-01-10 00:00:00+00:00,69.9000015258789,69.9000015258789,70.58000183105469,62.56999969482422,66.98999786376953,3394800,0.04157354924978196,87.54966603941885
2022-01-11 00:00:00+00:00,71.97000122070312,71.97000122070312,73.94999694824219,69.12000274658203,69.9000015258789,2435000,0.029613728893236768,87.59929471712043
2022-01-12 00:00:00+00:00,73.6500015258789,73.6500015258789,74.7490005493164,71.0199966430664,73.69999694824219,3062900,0.02334306345256132,87.49271713197987
2022-01-13 00:00:00+00:00,62.95000076293945,62.95000076293945,74.91999816894531,62.95000076293945,73.80999755859375,5430800,-0.14528174529880655,90.54635171917218
2022-01-14 00:00:00+00:00,65.0,65.0,66.36000061035156,62.33000183105469,63.30500030517578,3816400,0.03256551568252619,89.96248696724065
2022-01-18 00:00:00+00:00,61.75,61.75,65.94999694824219,61.31999969482422,63.58000183105469,2164900,-0.050000000000000044,90.33949655305959
2022-01-19 00:00:00+00:00,61.31999969482422,61.31999969482422,64.12999725341797,60.86000061035156,62.57400131225586,2764800,-0.006963567695154382,89.26688802418954
2022-01-20 00:00:00+00:00,62.0,62.0,65.17500305175781,61.4900016784668,62.529998779296875,2283100,0.01108937228571416,88.93609916020834
2022-01-21 00:00:00+00:00,59.88999938964844,59.88999938964844,63.59000015258789,59.119998931884766,61.459999084472656,3984700,-0.03403226790889613,89.07858386167038
2022-01-24 00:00:00+00:00,58.63999938964844,58.63999938964844,59.13999938964844,51.0,57.37200164794922,5049600,-0.020871598142244374,89.14840910512758
2022-01-25 00:00:00+00:00,56.75,56.75,60.400001525878906,55.63999938964844,58.790000915527344,1929700,-0.03223054927217606,88.91693055591608
2022-01-26 00:00:00+00:00,56.0,56.0,64.08000183105469,55.619998931884766,61.630001068115234,3603100,-0.013215859030836996,88.86355311004284
2022-01-27 00:00:00+00:00,58.25,58.25,61.22999954223633,57.82500076293945,58.75,2036600,0.0401785714285714,88.12084766942763
2022-01-28 00:00:00+00:00,62.81999969482422,62.81999969482422,62.900001525878906,55.54999923706055,58.2400016784668,2641800,0.07845493038324847,88.7666095642305
2022-01-31 00:00:00+00:00,65.38999938964844,65.38999938964844,65.7300033569336,62.0099983215332,63.2599983215332,1914800,0.040910533386009584,88.69701991223226
2022-02-01 00:00:00+00:00,68.55000305175781,68.55000305175781,69.94000244140625,65.16999816894531,66.62899780273438,2396300,0.04832548847843565,87.47752546833594
2022-02-02 00:00:00+00:00,65.70999908447266,65.70999908447266,69.46099853515625,65.3499984741211,69.06999969482422,1552800,-0.04142966945079274,87.74011554835471
2022-02-03 00:00:00+00:00,63.65999984741211,63.65999984741211,67.12999725341797,63.0099983215332,63.15999984741211,1417400,-0.031197675629628274,87.88710597763928
2022-02-04 00:00:00+00:00,66.4800033569336,66.4800033569336,67.11000061035156,61.290000915527344,63.599998474121094,1784900,0.04429788746906693,88.08599868357342
2022-02-07 00:00:00+00:00,68.9800033569336,68.9800033569336,71.28800201416016,66.55000305175781,66.55000305175781,3331200,0.03760529292661752,87.87234056877797
2022-02-08 00:00:00+00:00,72.13999938964844,72.13999938964844,72.5,66.88999938964844,68.55000305175781,1847200,0.04581032007730701,88.14850828562878
2022-02-09 00:00:00+00:00,74.94999694824219,74.94999694824219,75.0199966430664,71.69999694824219,73.26000213623047,2333900,0.038952004191407985,88.23342010177953
2022-02-10 00:00:00+00:00,73.19000244140625,73.19000244140625,81.11000061035156,71.62999725341797,74.83000183105469,6955000,-0.023482249212782857,87.18296492709564
2022-02-11 00:00:00+00:00,57.18000030517578,57.18000030517578,67.27999877929688,54.27399826049805,67.08999633789062,9778200,-0.21874575218176284,93.90008452022397
2022-02-14 00:00:00+00:00,54.310001373291016,54.310001373291016,57.6349983215332,52.52000045776367,57.56999969482422,4426700,-0.05019235600852179,93.86470994528686
2022-02-15 00:00:00+00:00,57.529998779296875,57.529998779296875,57.75,52.5,55.0,4272500,0.05928921606673754,93.9800035247932
2022-02-16 00:00:00+00:00,57.95000076293945,57.95000076293945,58.86000061035156,55.45000076293945,56.529998779296875,1575600,0.0073005734843456516,93.93652115175416
2022-02-17 00:00:00+00:00,52.310001373291016,52.310001373291016,57.95000076293945,52.209999084472656,57.15999984741211,2447900,-0.097325268600434,95.16908970258272
2022-02-18 00:00:00+00:00,47.0099983215332,47.0099983215332,52.433998107910156,46.709999084472656,52.2599983215332,4612700,-0.10131911513319025,94.97503202827914
2022-02-22 00:00:00+00:00,43.52000045776367,43.52000045776367,47.0,42.5,45.27000045776367,6051000,-0.07423948071427433,95.21235047072099
2022-02-23 00:00:00+00:00,38.65999984741211,38.65999984741211,44.0,38.63999938964844,43.880001068115234,5387400,-0.1116728069676427,96.77336090187345
2022-02-24 00:00:00+00:00,42.58000183105469,42.58000183105469,43.0,36.0099983215332,36.79999923706055,6938000,0.10139684426059259,97.57876716377385
2022-02-25 00:00:00+00:00,41.90999984741211,41.90999984741211,42.97999954223633,40.20000076293945,41.75,2634700,-0.01573513280485417,96.98479924413431
2022-02-28 00:00:00+00:00,42.790000915527344,42.790000915527344,44.04999923706055,41.7400016784668,41.900001525878906,2286700,0.020997400890460094,97.0501043817753
2022-03-01 00:00:00+00:00,43.279998779296875,43.279998779296875,45.08000183105469,42.0,42.810001373291016,2389700,0.011451223493470941,96.5133909458105
2022-03-02 00:00:00+00:00,43.540000915527344,43.540000915527344,44.63199996948242,41.439998626708984,43.54499816894531,2386000,0.006007443243155608,95.86936865648218
2022-03-03 00:00:00+00:00,38.77000045776367,38.77000045776367,43.650001525878906,38.119998931884766,43.34000015258789,4318500,-0.10955444091556232,97.20205538847105
2022-03-04 00:00:00+00:00,35.599998474121094,35.599998474121094,39.59000015258789,35.28099822998047,38.72999954223633,3275400,-0.0817643009082758,97.50129052541253
2022-03-07 00:00:00+00:00,32.33000183105469,32.33000183105469,36.560001373291016,31.780000686645508,35.849998474121094,5665700,-0.09185384222540016,98.03780550553198
2022-03-08 00:00:00+00:00,33.4900016784668,33.4900016784668,35.599998474121094,30.989999771118164,32.16999816894531,4393400,0.03587998087577793,97.94792732421733
2022-03-09 00:00:00+00:00,36.2400016784668,36.2400016784668,37.0,35.1150016784668,35.119998931884766,3576800,0.08211405978424247,98.87426959586234
2022-03-10 00:00:00+00:00,34.43000030517578,34.43000030517578,35.619998931884766,33.689998626708984,35.209999084472656,1763700,-0.04994484794316356,99.1383558657429
2022-03-11 00:00:00+00:00,31.079999923706055,31.079999923706055,35.41999816894531,31.079999923706055,35.15999984741211,3206800,-0.09729887748406818,100.19439065265831
2022-03-14 00:00:00+00:00,30.06999969482422,30.06999969482422,31.0,29.3700008392334,30.959999084472656,3924100,-0.032496789940834714,100.2187761182878
2022-03-15 00:00:00+00:00,30.3799991607666,30.3799991607666,30.600000381469727,28.030000686645508,29.0,5572200,0.010309260694663092,100.24770101635082
2022-03-16 00:00:00+00:00,32.4900016784668,32.4900016784668,34.47999954223633,30.440000534057617,31.34000015258789,5151600,0.06945367267900049,100.77719492957671
2022-03-17 00:00:00+00:00,36.61000061035156,36.61000061035156,37.2400016784668,31.5049991607666,32.25,4202400,0.12680820926566327,102.92698461510258
2022-03-18 00:00:00+00:00,37.58000183105469,37.58000183105469,37.63999938964844,34.2599983215332,35.560001373291016,7158700,0.026495525936398145,103.01798492671128
2022-03-21 00:00:00+00:00,38.47999954223633,38.47999954223633,39.29999923706055,36.93000030517578,38.33000183105469,4298200,0.023948846922032807,102.9691209729369
2022-03-22 00:00:00+00:00,40.84000015258789,40.84000015258789,41.38999938964844,37.56999969482422,39.130001068115234,3932700,0.06133057792168595,103.32892062332914
2022-03-23 00:00:00+00:00,41.560001373291016,41.560001373291016,43.720001220703125,39.9900016784668,40.36000061035156,2926400,0.017629804554677442,102.91516386693486
2022-03-24 00:00:00+00:00,42.52000045776367,42.52000045776367,43.099998474121094,41.310001373291016,41.599998474121094,2408200,0.02309911099015527,102.97142806021631
2022-03-25 00:00:00+00:00,39.630001068115234,39.630001068115234,42.939998626708984,38.959999084472656,42.5,2524000,-0.06796799996554925,103.22435986959249
2022-03-28 00:00:00+00:00,42.11000061035156,42.11000061035156,42.13999938964844,39.540000915527344,39.540000915527344,1989300,0.06257884116565515,103.07079433104423
2022-03-29 00:00:00+00:00,44.310001373291016,44.310001373291016,44.970001220703125,41.849998474121094,42.75,2720400,0.05224413989675036,103.43848824561157
2022-03-30 00:00:00+00:00,41.439998626708984,41.439998626708984,44.43000030517578,41.099998474121094,43.34000015258789,1693600,-0.064770992047678,103.74906985578707
2022-03-31 00:00:00+00:00,41.0,41.0,42.349998474121094,40.5,41.400001525878906,1358700,-0.0106177278303623,93.8883597226016
2022-04-01 00:00:00+00:00,41.59000015258789,41.59000015258789,42.88999938964844,40.349998474121094,41.150001525878906,1454400,0.01439024762409491,93.5524637495747
2022-04-04 00:00:00+00:00,43.63999938964844,43.63999938964844,43.75,41.349998474121094,41.61000061035156,1275200,0.049290676353435536,93.8566648550919
2022-04-05 00:00:00+00:00,42.689998626708984,42.689998626708984,44.56999969482422,41.97999954223633,43.97999954223633,1250600,-0.021769037035431205,93.89213009990075
2022-04-06 00:00:00+00:00,39.81999969482422,39.81999969482422,41.33000183105469,37.599998474121094,41.04999923706055,2596900,-0.0672288363600263,94.38612031591937
2022-04-07 00:00:00+00:00,38.970001220703125,38.970001220703125,40.93199920654297,38.099998474121094,39.79999923706055,2102200,-0.02134601910184286,94.31349693906837
2022-04-08 00:00:00+00:00,38.41999816894531,38.41999816894531,39.529998779296875,37.810001373291016,38.779998779296875,1818500,-0.014113498448278694,92.81788811898514
2022-04-11 00:00:00+00:00,38.959999084472656,38.959999084472656,39.888999938964844,37.75,38.36000061035156,1263700,0.014055204093263773,92.7496604148095
2022-04-12 00:00:00+00:00,38.25,38.25,41.7400016784668,38.13999938964844,40.119998931884766,1969300,-0.018223796230930178,92.71582712823076
2022-04-13 00:00:00+00:00,40.11000061035156,40.11000061035156,40.810001373291016,37.86000061035156,38.20000076293945,1886200,0.048627466937295694,93.10242026345257
2022-04-14 00:00:00+00:00,38.95000076293945,38.95000076293945,40.099998474121094,38.4370002746582,39.7400016784668,1994400,-0.028920464466727913,93.17893074778598
2022-04-18 00:00:00+00:00,38.310001373291016,38.310001373291016,38.9900016784668,36.93000030517578,38.95000076293945,1529900,-0.016431306215978103,93.08827139764844
2022-04-19 00:00:00+00:00,39.779998779296875,39.779998779296875,40.349998474121094,37.970001220703125,37.970001220703125,1656800,0.038371113372778654,93.31685664672153
2022-04-20 00:00:00+00:00,38.119998931884766,38.119998931884766,40.29999923706055,37.77000045776367,40.209999084472656,2186600,-0.04172950976247991,93.00387221952451
2022-04-21 00:00:00+00:00,35.83000183105469,35.83000183105469,39.9900016784668,35.25,39.130001068115234,1849000,-0.06007337788550282,93.33956688459179
2022-04-22 00:00:00+00:00,34.060001373291016,34.060001373291016,37.05500030517578,33.95000076293945,36.150001525878906,2875900,-0.0493999544323096,93.26247681864692
2022-04-25 00:00:00+00:00,34.959999084472656,34.959999084472656,35.36000061035156,33.77000045776367,33.959999084472656,2238200,0.026423889456663296,92.75656254829615
2022-04-26 00:00:00+00:00,32.310001373291016,32.310001373291016,34.96500015258789,32.209999084472656,34.560001373291016,2238800,-0.07580085184723662,92.32291291001955
2022-04-27 00:00:00+00:00,32.0,32.0,34.68000030517578,31.760000228881836,32.970001220703125,1859000,-0.009594594865826256,90.99152278524927
2022-04-28 00:00:00+00:00,34.33000183105469,34.33000183105469,34.459999084472656,31.354999542236328,32.66999816894531,2260500,0.07281255722045898,91.52090488060452
2022-04-29 00:00:00+00:00,31.239999771118164,31.239999771118164,35.33000183105469,31.1200008392334,33.650001525878906,2290000,-0.09000879391568595,92.1791135320096
2022-05-02 00:00:00+00:00,31.149999618530273,31.149999618530273,31.760000228881836,29.309999465942383,30.760000228881836,2802100,-0.0028809268004892363,91.5098801723806
2022-05-03 00:00:00+00:00,30.93000030517578,30.93000030517578,31.530000686645508,28.899999618530273,30.729999542236328,3245800,-0.007062578364322669,91.17158127904378
2022-05-04 00:00:00+00:00,33.45000076293945,33.45000076293945,33.720001220703125,28.81999969482422,31.260000228881836,3725000,0.08147431079533418,92.1421680367627
2022-05-05 00:00:00+00:00,28.25,28.25,32.599998474121094,27.43000030517578,32.56999969482422,4608900,-0.1554559235974886,95.05798700370966
2022-05-06 00:00:00+00:00,23.729999542236328,23.729999542236328,25.239999771118164,21.170000076293945,25.239999771118164,10711500,-0.16000001620402382,98.13618844965963
2022-05-09 00:00:00+00:00,19.93000030517578,19.93000030517578,23.65999984741211,19.899999618530273,22.950000762939453,6552600,-0.16013482133857782,101.06713271751158
2022-05-10 00:00:00+00:00,19.719999313354492,19.719999313354492,21.489999771118164,18.264999389648438,21.200000762939453,6914100,-0.010536928680666025,100.98929378802193
2022-05-11 00:00:00+00:00,18.420000076293945,18.420000076293945,20.700000762939453,18.1299991607666,19.5,4002700,-0.06592288449930017,101.05921462129865
2022-05-12 00:00:00+00:00,19.299999237060547,19.299999237060547,21.729999542236328,17.364999771118164,17.969999313354492,8271600,0.04777411276448018,100.95043722755119
2022-05-13 00:00:00+00:00,21.540000915527344,21.540000915527344,22.610000610351562,20.049999237060547,20.049999237060547,3879700,0.11606226772099903,102.72230613718945
2022-05-16 00:00:00+00:00,19.34000015258789,19.34000015258789,21.959999084472656,19.280000686645508,21.1200008392334,3371500,-0.1021355928241191,103.21119223231838
2022-05-17 00:00:00+00:00,20.0,20.0,21.149999618530273,18.729999542236328,20.239999771118164,2592600,0.034126155232930167,103.4133086064404
2022-05-18 00:00:00+00:00,17.93000030517578,17.93000030517578,19.479999542236328,17.219999313354492,19.010000228881836,5323800,-0.10349998474121092,104.23284945211333
2022-05-19 00:00:00+00:00,18.5,18.5,19.549999237060547,17.3799991607666,17.739999771118164,4547900,0.03179027803249279,103.70288165468315
2022-05-20 00:00:00+00:00,18.90999984741211,18.90999984741211,19.440000534057617,17.149999618530273,19.110000610351562,5132300,0.022162153914168092,103.83211748889177
2022-05-23 00:00:00+00:00,19.360000610351562,19.360000610351562,19.59000015258789,18.420000076293945,18.989999771118164,3772500,0.023796973377608888,103.96294144679199
2022-05-24 00:00:00+00:00,17.760000228881836,17.760000228881836,18.93000030517578,16.482999801635742,18.729999542236328,4422500,-0.08264464519769821,104.3585879809809
2022-05-25 00:00:00+00:00,18.719999313354492,18.719999313354492,19.18000030517578,17.219999313354492,17.450000762939453,2709200,0.054054001807470664,104.88919143343696
2022-05-26 00:00:00+00:00,19.739999771118164,19.739999771118164,20.219999313354492,18.1299991607666,18.709999084472656,3657500,0.05448720593894585,104.78248303298558
2022-05-27 00:00:00+00:00,21.360000610351562,21.360000610351562,21.389999389648438,19.8700008392334,19.8700008392334,3450400,0.08206691276681988,105.3450497913417
2022-05-31 00:00:00+00:00,21.1299991607666,21.1299991607666,22.040000915527344,20.889999389648438,21.09000015258789,3715500,-0.01076785781895051,104.97069571091421
2022-06-01 00:00:00+00:00,20.81999969482422,20.81999969482422,21.8799991607666,20.040000915527344,21.19499969482422,2202000,-0.014671059075003545,104.27056114210575
2022-06-02 00:00:00+00:00,22.760000228881836,22.760000228881836,23.229999542236328,20.639999389648438,20.709999084472656,3302400,0.09317966198337135,105.31037000438701
2022-06-03 00:00:00+00:00,21.65999984741211,21.65999984741211,22.799999237060547,21.420000076293945,22.049999237060547,1922700,-0.04833042049243286,105.18955067429225
2022-06-06 00:00:00+00:00,22.399999618530273,22.399999618530273,22.989999771118164,21.59000015258789,22.790000915527344,2810600,0.03416434793772982,105.23496605549714
2022-06-07 00:00:00+00:00,22.440000534057617,22.440000534057617,23.1200008392334,21.540000915527344,21.950000762939453,3106600,0.0017857551878819322,105.12012882365728
2022-06-08 00:00:00+00:00,23.0,23.0,23.514999389648438,22.31999969482422,22.31999969482422,2073300,0.024955412326860715,102.97698854795784
2022-06-09 00:00:00+00:00,22.06999969482422,22.06999969482422,23.56999969482422,21.915000915527344,22.770000457763672,1931000,-0.040434795877207885,102.89967988094986
2022-06-10 00:00:00+00:00,20.6299991607666,20.6299991607666,21.636999130249023,19.625,21.229999542236328,3036100,-0.06524696665017726,103.08419447048642
2022-06-13 00:00:00+00:00,17.979999542236328,17.979999542236328,19.709999084472656,17.799999237060547,19.290000915527344,3473300,-0.12845369492646164,104.82053465048612
2022-06-14 00:00:00+00:00,18.06999969482422,18.06999969482422,18.600000381469727,17.479999542236328,18.079999923706055,2803600,0.005005570349235766,104.7938975687763
2022-06-15 00:00:00+00:00,19.5,19.5,19.979999542236328,18.360000610351562,18.510000228881836,4386200,0.07913670887251723,105.66979546634644
2022-06-16 00:00:00+00:00,18.670000076293945,18.670000076293945,19.6299991607666,17.975000381469727,18.530000686645508,3845300,-0.0425640986515925,105.78850624031774
2022-06-17 00:00:00+00:00,20.09000015258789,20.09000015258789,20.454999923706055,19.020000457763672,19.059999465942383,10303500,0.07605785058870862,106.57942499552398
2022-06-21 00:00:00+00:00,21.260000228881836,21.260000228881836,21.709999084472656,20.29599952697754,20.59000015258789,3089400,0.05823793267334709,107.09299444677907
2022-06-22 00:00:00+00:00,21.6200008392334,21.6200008392334,22.049999237060547,20.75,20.829999923706055,3293100,0.01693323642877953,106.89406926862858
2022-06-23 00:00:00+00:00,23.219999313354492,23.219999313354492,23.450000762939453,21.729999542236328,21.790000915527344,2244300,0.07400547696638426,106.80526046465903
2022-06-24 00:00:00+00:00,25.280000686645508,25.280000686645508,25.3799991607666,22.985000610351562,23.489999771118164,12596200,0.0887166853664052,107.62415937462058
2022-06-27 00:00:00+00:00,25.25,25.25,25.709999084472656,23.809999465942383,25.239999771118164,3125400,-0.0011867359901360786,107.26153433830757
2022-06-28 00:00:00+00:00,23.84000015258789,23.84000015258789,26.059999465942383,23.6200008392334,25.049999237060547,2906200,-0.05584157811533108,107.40156988260532
2022-06-29 00:00:00+00:00,23.670000076293945,23.670000076293945,24.34000015258789,23.19499969482422,23.719999313354492,1967800,-0.007130875637829659,107.33568005005655
2022-06-30 00:00:00+00:00,23.239999771118164,23.239999771118164,24.139999389648438,22.360000610351562,23.350000381469727,3274200,-0.018166468263193458,107.02602185207026
2022-07-01 00:00:00+00:00,24.540000915527344,24.540000915527344,24.860000610351562,22.68000030517578,24.010000228881836,1771400,0.05593808765974151,107.26469575832725
2022-07-05 00:00:00+00:00,27.25,27.25,27.469999313354492,23.459999084472656,24.059999465942383,3050600,0.1104319064127639,108.5714907537247
2022-07-06 00:00:00+00:00,26.989999771118164,26.989999771118164,27.90999984741211,26.530000686645508,27.219999313354492,2367900,-0.009541292803003198,108.31835840280195
2022-07-07 00:00:00+00:00,28.649999618530273,28.649999618530273,28.68000030517578,26.959999084472656,26.959999084472656,1580300,0.06150425570542106,108.84357492210628
2022-07-08 00:00:00+00:00,28.899999618530273,28.899999618530273,29.56999969482422,27.295000076293945,27.790000915527344,1844100,0.008726003606586596,103.4306715421132
2022-07-11 00:00:00+00:00,27.299999237060547,27.299999237060547,28.790000915527344,27.1200008392334,28.489999771118164,2485300,-0.055363335729728846,103.49186600764062
2022-07-12 00:00:00+00:00,25.309999465942383,25.309999465942383,28.729999542236328,24.44499969482422,27.520000457763672,3405200,-0.07289376654694857,103.5386197497496
2022-07-13 00:00:00+00:00,24.860000610351562,24.860000610351562,25.6299991607666,24.059999465942383,24.540000915527344,1925200,-0.017779488940580457,103.53300417603546
2022-07-14 00:00:00+00:00,23.479999542236328,23.479999542236328,24.8799991607666,23.139999389648438,24.68000030517578,1356900,-0.05551090242293111,102.80721456346578
2022-07-15 00:00:00+00:00,24.020000457763672,24.020000457763672,24.579999923706055,22.950000762939453,23.84000015258789,1287300,0.022998335862655317,101.75764738064095
2022-07-18 00:00:00+00:00,24.010000228881836,24.010000228881836,25.670000076293945,23.90999984741211,24.639999389648438,1393800,-0.00041632925442358637,101.14487092663249
2022-07-19 00:00:00+00:00,24.040000915527344,24.040000915527344,24.81999969482422,23.3799991607666,24.790000915527344,1583500,0.0012495079699923473,99.65903050179605
2022-07-20 00:00:00+00:00,27.15999984741211,27.15999984741211,27.56999969482422,23.93000030517578,24.190000534057617,2582700,0.12978364447022828,100.51234550865667
2022-07-21 00:00:00+00:00,27.860000610351562,27.860000610351562,27.959999084472656,26.260000228881836,26.959999084472656,1410900,0.025773224111639736,100.58878481555465
2022-07-22 00:00:00+00:00,25.600000381469727,25.600000381469727,28.350000381469727,25.079999923706055,27.700000762939453,1497500,-0.08111989157825494,101.29700074298222
2022-07-25 00:00:00+00:00,24.520000457763672,24.520000457763672,25.440000534057617,24.065000534057617,25.3799991607666,1805000,-0.04218749639112507,101.45903178352933
2022-07-26 00:00:00+00:00,22.770000457763672,22.770000457763672,24.360000610351562,22.5049991607666,24.239999771118164,2428900,-0.07137030861864868,102.01445090191254
2022-07-27 00:00:00+00:00,24.700000762939453,24.700000762939453,25.0,22.594999313354492,23.18000030517578,2575800,0.08476066167656704,101.57766868465833
2022-07-28 00:00:00+00:00,25.270000457763672,25.270000457763672,25.6299991607666,24.040000915527344,24.780000686645508,2017800,0.02307691000882328,100.8543941919593
2022-07-29 00:00:00+00:00,25.450000762939453,25.450000762939453,26.34000015258789,24.9950008392334,25.450000762939453,1440200,0.007123082782552137,99.81300277336186
2022-08-01 00:00:00+00:00,25.950000762939453,25.950000762939453,26.575000762939453,24.6200008392334,24.90999984741211,1283400,0.019646364833438623,99.6960132971874
2022-08-02 00:00:00+00:00,26.84000015258789,26.84000015258789,27.229999542236328,25.21500015258789,25.309999465942383,1399000,0.03429669994150797,98.97301515184873
2022-08-03 00:00:00+00:00,29.020000457763672,29.020000457763672,29.3799991607666,27.149999618530273,27.299999237060547,3614500,0.08122206754032324,99.51201141381392
2022-08-04 00:00:00+00:00,32.34000015258789,32.34000015258789,32.5,30.3700008392334,31.0,5322100,0.11440384708663998,99.90226223822556
2022-08-05 00:00:00+00:00,33.72999954223633,33.72999954223633,34.310001373291016,31.1200008392334,31.350000381469727,4096600,0.04298080961935957,99.94983498178914
2022-08-08 00:00:00+00:00,33.560001373291016,33.560001373291016,34.38999938964844,31.56999969482422,32.61000061035156,4188100,-0.005039969500516661,99.95153031568064
2022-08-09 00:00:00+00:00,30.81999969482422,30.81999969482422,32.45000076293945,29.764999389648438,32.45000076293945,3654400,-0.08164486192922049,100.27162243124393
2022-08-10 00:00:00+00:00,32.45000076293945,32.45000076293945,32.93000030517578,31.711000442504883,32.7599983215332,3104600,0.052887770417109126,98.59239973634453
2022-08-11 00:00:00+00:00,30.950000762939453,30.950000762939453,33.43000030517578,29.9950008392334,33.04999923706055,3283100,-0.04622496039239299,98.78451539147622
2022-08-12 00:00:00+00:00,33.29999923706055,33.29999923706055,33.33000183105469,30.75,31.15999984741211,2213200,0.07592886643592789,99.44750427456066
2022-08-15 00:00:00+00:00,33.040000915527344,33.040000915527344,33.349998474121094,31.729999542236328,32.91999816894531,1653800,-0.007807757582283803,98.9761330895277
2022-08-16 00:00:00+00:00,31.780000686645508,31.780000686645508,33.0,31.1299991607666,32.650001525878906,2043600,-0.03813559909103059,99.11682084803124
2022-08-17 00:00:00+00:00,30.600000381469727,30.600000381469727,31.5,30.040000915527344,30.90999984741211,1510300,-0.03713027941096414,99.20957458991336
2022-08-18 00:00:00+00:00,30.860000610351562,30.860000610351562,31.059999465942383,30.0,30.559999465942383,1241100,0.00849673940001927,98.64292188256965
2022-08-19 00:00:00+00:00,28.940000534057617,28.940000534057617,30.200000762939453,27.81999969482422,30.170000076293945,1891300,-0.06221646268049352,98.5991853709152
2022-08-22 00:00:00+00:00,27.600000381469727,27.600000381469727,28.239999771118164,26.90999984741211,28.09000015258789,1988000,-0.04630269964960543,98.46517050139687
2022-08-23 00:00:00+00:00,27.75,27.75,29.601999282836914,27.739999771118164,27.90999984741211,1178300,0.005434768712212712,97.96966817459709
2022-08-24 00:00:00+00:00,28.8700008392334,28.8700008392334,29.440000534057617,27.6299991607666,27.850000381469727,1278200,0.04036039060300545,98.19061975227899
2022-08-25 00:00:00+00:00,30.139999389648438,30.139999389648438,30.6299991607666,29.389999389648438,29.780000686645508,1402600,0.04399024986134226,98.42527169870743
2022-08-26 00:00:00+00:00,28.350000381469727,28.350000381469727,30.479999542236328,27.889999389648438,30.149999618530273,2020500,-0.05938948388942189,98.51595089842648
2022-08-29 00:00:00+00:00,27.239999771118164,27.239999771118164,28.06999969482422,27.059999465942383,27.469999313354492,1991200,-0.039153460155756714,98.64168228696573
2022-08-30 00:00:00+00:00,27.450000762939453,27.450000762939453,28.170000076293945,26.610000610351562,27.81999969482422,1580200,0.007709287576571411,98.10659282942852
2022-08-31 00:00:00+00:00,27.360000610351562,27.360000610351562,28.260000228881836,26.93000030517578,27.799999237060547,1713600,-0.0032786939922202496,98.05682872867455
2022-09-01 00:00:00+00:00,25.75,25.75,26.729999542236328,24.65999984741211,26.639999389648438,2888200,-0.058845050235211804,98.45831984733614
2022-09-02 00:00:00+00:00,24.719999313354492,24.719999313354492,26.559999465942383,24.5,26.559999465942383,1664800,-0.04000002666584501,98.60698459276163
2022-09-06 00:00:00+00:00,24.670000076293945,24.670000076293945,25.469999313354492,24.280000686645508,24.700000762939453,1415600,-0.0020226229146186325,98.57516344356581
2022-09-07 00:00:00+00:00,25.670000076293945,25.670000076293945,25.780000686645508,24.34000015258789,24.6200008392334,1214700,0.040535062703989544,98.47678244762632
2022-09-08 00:00:00+00:00,26.65999984741211,26.65999984741211,27.020000457763672,25.184999465942383,25.3700008392334,1520800,0.038566410914522065,98.59883658920184
2022-09-09 00:00:00+00:00,27.360000610351562,27.360000610351562,28.190000534057617,27.18000030517578,27.18000030517578,2264100,0.026256592908698195,98.67088349697211
2022-09-12 00:00:00+00:00,29.06999969482422,29.06999969482422,29.204999923706055,27.1299991607666,27.399999618530273,2246500,0.06249996514348344,98.99235193361216
2022-09-13 00:00:00+00:00,26.579999923706055,26.579999923706055,27.59000015258789,26.420000076293945,27.049999237060547,2406300,-0.08565530778321606,99.69354446642981
2022-09-14 00:00:00+00:00,27.43000030517578,27.43000030517578,27.43000030517578,25.780000686645508,26.579999923706055,2029700,0.03197894597101314,99.38998969088658
2022-09-15 00:00:00+00:00,26.5,26.5,27.93000030517578,26.2549991607666,26.850000381469727,2076000,-0.03390449488986336,99.22699497604202
2022-09-16 00:00:00+00:00,25.219999313354492,25.219999313354492,26.264999389648438,24.79400062561035,25.565000534057617,4160100,-0.048301912703604066,99.41905804012757
2022-09-19 00:00:00+00:00,25.020000457763672,25.020000457763672,25.479999542236328,24.170000076293945,24.809999465942383,2043700,-0.007930168954640604,98.70540334701391
2022-09-20 00:00:00+00:00,23.75,23.75,24.969999313354492,23.670000076293945,24.600000381469727,2141300,-0.050759409853231685,99.01665729717712
2022-09-21 00:00:00+00:00,24.239999771118164,24.239999771118164,25.399999618530273,23.56999969482422,24.059999465942383,1797500,0.020631569310238573,98.37066774266081
2022-09-22 00:00:00+00:00,22.809999465942383,22.809999465942383,24.440000534057617,22.739999771118164,23.959999084472656,1909100,-0.058993412486728625,97.7820936794125
2022-09-23 00:00:00+00:00,21.899999618530273,21.899999618530273,22.649999618530273,21.290000915527344,22.209999084472656,2036400,-0.039894777234468215,97.9743676564101
2022-09-26 00:00:00+00:00,21.860000610351562,21.860000610351562,23.1299991607666,21.600000381469727,21.81999969482422,1377200,-0.0018264387614357336,97.97046009963026
2022-09-27 00:00:00+00:00,22.739999771118164,22.739999771118164,23.43000030517578,22.34000015258789,22.65999984741211,1780000,0.040256136148042465,97.29756484200908
2022-09-28 00:00:00+00:00,23.799999237060547,23.799999237060547,23.895000457763672,22.68000030517578,22.950000762939453,2151100,0.046613873201910794,94.42842449207622
2022-09-29 00:00:00+00:00,23.25,23.25,23.5,22.200000762939453,23.059999465942383,2016200,-0.023109212381994815,90.95866607758767
2022-09-30 00:00:00+00:00,23.770000457763672,23.770000457763672,25.319000244140625,23.139999389648438,23.31999969482422,2266100,0.022365611086609505,87.24505513505953
2022-10-03 00:00:00+00:00,24.729999542236328,24.729999542236328,24.875,23.100000381469727,23.850000381469727,2490800,0.04038700319667443,87.41447440429687
2022-10-04 00:00:00+00:00,26.90999984741211,26.90999984741211,27.40999984741211,25.729999542236328,25.729999542236328,3149300,0.08815205602622678,87.70912887541785
2022-10-05 00:00:00+00:00,27.790000915527344,27.790000915527344,27.8799991607666,25.575000762939453,26.040000915527344,2828000,0.03270163779654811,87.55586580725809
2022-10-06 00:00:00+00:00,27.600000381469727,27.600000381469727,28.420000076293945,27.440000534057617,27.68000030517578,2066800,-0.006837010716018277,85.74816685813794
2022-10-07 00:00:00+00:00,24.829999923706055,24.829999923706055,26.864999771118164,24.44099998474121,26.65999984741211,2135100,-0.10036233403907535,85.69278025467459
2022-10-10 00:00:00+00:00,23.479999542236328,23.479999542236328,24.829999923706055,23.110000610351562,24.780000686645508,1346200,-0.054369729585896365,86.05016462310103
2022-10-11 00:00:00+00:00,22.889999389648438,22.889999389648438,23.600000381469727,21.959999084472656,23.309999465942383,1647100,-0.025127775301979294,84.46453274181671
2022-10-12 00:00:00+00:00,23.209999084472656,23.209999084472656,23.37700080871582,22.15999984741211,22.75,1469300,0.013979890928653038,84.36178670083784
2022-10-13 00:00:00+00:00,23.860000610351562,23.860000610351562,24.0,21.469999313354492,22.200000762939453,2356700,0.028005237032247665,84.39948859498615
2022-10-14 00:00:00+00:00,22.290000915527344,22.290000915527344,24.81999969482422,22.25,24.360000610351562,1799000,-0.06580048846030129,85.0529850233444
2022-10-17 00:00:00+00:00,24.260000228881836,24.260000228881836,24.799999237060547,22.969999313354492,22.969999313354492,1587500,0.08838040522385882,85.01127079266261
2022-10-18 00:00:00+00:00,24.780000686645508,24.780000686645508,25.700000762939453,24.364999771118164,25.450000762939453,1885400,0.021434478683335145,84.68471927378548
2022-10-19 00:00:00+00:00,23.440000534057617,23.440000534057617,24.739999771118164,23.290000915527344,24.530000686645508,1674200,-0.05407587229446875,84.79765189497006
2022-10-20 00:00:00+00:00,24.290000915527344,24.290000915527344,25.059999465942383,23.201000213623047,23.59000015258789,2165600,0.036262814082905104,84.02043617397443
2022-10-21 00:00:00+00:00,25.350000381469727,25.350000381469727,25.40999984741211,23.399999618530273,24.190000534057617,2142500,0.04363933412883414,84.24259366066124
2022-10-24 00:00:00+00:00,26.059999465942383,26.059999465942383,26.1200008392334,24.3700008392334,25.34000015258789,1631500,0.028007853009408556,84.28440434901194
2022-10-25 00:00:00+00:00,28.0,28.0,28.014999389648438,26.239999771118164,26.239999771118164,3071600,0.07444361373042185,83.82899123215715
2022-10-26 00:00:00+00:00,26.479999542236328,26.479999542236328,28.0,25.6200008392334,26.549999237060547,3576900,-0.054285730634416884,83.92790177563654
2022-10-27 00:00:00+00:00,27.1299991607666,27.1299991607666,28.0,26.329999923706055,26.6299991607666,2290600,0.024546813812949875,83.85199342513152
2022-10-28 00:00:00+00:00,26.829999923706055,26.829999923706055,26.8700008392334,25.450000762939453,26.43000030517578,2894300,-0.011057841737584062,83.8826622415816
2022-10-31 00:00:00+00:00,26.8799991607666,26.8799991607666,27.989999771118164,26.31999969482422,26.610000610351562,2688200,0.0018635571078167157,83.81005119088671
2022-11-01 00:00:00+00:00,25.739999771118164,25.739999771118164,28.0,25.655000686645508,27.81999969482422,1910400,-0.04241069290330757,83.83666153183513
2022-11-02 00:00:00+00:00,22.399999618530273,22.399999618530273,25.510000228881836,22.110000610351562,25.510000228881836,4973800,-0.12975913684100238,85.77488103960431
2022-11-03 00:00:00+00:00,22.610000610351562,22.610000610351562,26.280000686645508,22.549999237060547,24.110000610351562,5287100,0.009375044437392122,83.17923260323975
2022-11-04 00:00:00+00:00,20.479999542236328,20.479999542236328,21.5,19.815000534057617,21.5,7410600,-0.09420614819178963,84.61666200473564
2022-11-07 00:00:00+00:00,20.639999389648438,20.639999389648438,20.75,19.417999267578125,20.65999984741211,4400200,0.007812492724042164,83.72858575536038
2022-11-08 00:00:00+00:00,20.450000762939453,20.450000762939453,21.549999237060547,19.882999420166016,20.760000228881836,3990800,-0.009205360093386128,83.44418286114713
2022-11-09 00:00:00+00:00,19.059999465942383,19.059999465942383,20.239999771118164,19.014999389648438,20.020000457763672,3362800,-0.0679707210337176,83.33489875862148
2022-11-10 00:00:00+00:00,21.219999313354492,21.219999313354492,22.010000228881836,20.549999237060547,20.75,6573700,0.11332633305009976,84.74762298131667
2022-11-11 00:00:00+00:00,24.3799991607666,24.3799991607666,25.0,20.700000762939453,21.09000015258789,6223700,0.14891611449880737,87.8952620583252
2022-11-14 00:00:00+00:00,23.0,23.0,24.459999084472656,22.899999618530273,24.170000076293945,2718500,-0.056603741110350714,87.64353810236834
2022-11-15 00:00:00+00:00,24.030000686645508,24.030000686645508,24.479999542236328,23.309999465942383,24.0,3391800,0.04478263854980469,86.80287891559477
2022-11-16 00:00:00+00:00,22.489999771118164,22.489999771118164,23.479999542236328,21.790000915527344,23.450000762939453,2226600,-0.06408659473668632,87.41467040180666
2022-11-17 00:00:00+00:00,21.459999084472656,21.459999084472656,22.209999084472656,21.239999771118164,21.690000534057617,2461400,-0.04579816350057253,87.26479192654472
2022-11-18 00:00:00+00:00,20.8799991607666,20.8799991607666,22.1200008392334,20.75,22.0,1244500,-0.027027024624885154,87.36579612673773
2022-11-21 00:00:00+00:00,20.520000457763672,20.520000457763672,20.84000015258789,20.06999969482422,20.549999237060547,1326100,-0.017241317886610097,87.36095923255786
2022-11-22 00:00:00+00:00,20.639999389648438,20.639999389648438,20.649999618530273,19.600000381469727,20.420000076293945,2081600,0.005847901033519065,86.90882558940203
2022-11-23 00:00:00+00:00,23.18000030517578,23.18000030517578,23.4950008392334,20.6200008392334,20.799999237060547,3166700,0.12306206349992577,87.34034131665605
2022-11-25 00:00:00+00:00,22.6200008392334,22.6200008392334,23.12299919128418,22.440000534057617,22.799999237060547,649800,-0.024158734191963904,87.41123084956602
2022-11-28 00:00:00+00:00,21.989999771118164,21.989999771118164,23.33799934387207,21.790000915527344,22.5,1366200,-0.027851505072560623,86.95338664579407
2022-11-29 00:00:00+00:00,21.450000762939453,21.450000762939453,22.219999313354492,21.229999542236328,22.09000015258789,1524200,-0.024556571796237603,87.0174649549083
2022-11-30 00:00:00+00:00,23.030000686645508,23.030000686645508,23.09000015258789,20.889999389648438,21.290000915527344,2540200,0.07365966748289932,87.39427824023832
2022-12-01 00:00:00+00:00,22.709999084472656,22.709999084472656,22.81999969482422,21.209999084472656,22.149999618530273,4424100,-0.013894988824660004,86.64394417934191
2022-12-02 00:00:00+00:00,22.6200008392334,22.6200008392334,22.739999771118164,21.549999237060547,21.790000915527344,1611200,-0.00396293478060028,86.59799120700745
2022-12-05 00:00:00+00:00,20.3799991607666,20.3799991607666,22.6200008392334,20.030000686645508,22.31999969482422,2717300,-0.09902747990095617,87.58455548508908
2022-12-06 00:00:00+00:00,21.110000610351562,21.110000610351562,21.149999618530273,20.219999313354492,20.489999771118164,2144400,0.035819503417364285,87.69353123729725
2022-12-07 00:00:00+00:00,20.93000030517578,20.93000030517578,21.65999984741211,20.56999969482422,21.110000610351562,1859300,-0.008526778776477895,87.7044539512976
2022-12-08 00:00:00+00:00,21.81999969482422,21.81999969482422,22.229999542236328,20.31999969482422,21.200000762939453,3760400,0.04252266491502876,87.96223937647028
2022-12-09 00:00:00+00:00,21.68000030517578,21.68000030517578,22.34000015258789,21.510000228881836,21.639999389648438,3007900,-0.006416104106621301,85.49081089673918
2022-12-12 00:00:00+00:00,23.459999084472656,23.459999084472656,23.549999237060547,21.989999771118164,22.170000076293945,4037300,0.08210326357199937,86.39968697631808
2022-12-13 00:00:00+00:00,23.709999084472656,23.709999084472656,25.110000610351562,23.440000534057617,24.799999237060547,2933200,0.010656436903506261,85.43627105163694
2022-12-14 00:00:00+00:00,23.780000686645508,23.780000686645508,24.510000228881836,23.329999923706055,23.56999969482422,2246300,0.0029524084721999078,85.16008511100218
2022-12-15 00:00:00+00:00,22.950000762939453,22.950000762939453,24.079999923706055,22.68000030517578,22.979999542236328,2945400,-0.03490327585113029,84.56471053537676
2022-12-16 00:00:00+00:00,23.010000228881836,23.010000228881836,23.26799964904785,22.350000381469727,22.540000915527344,5451700,0.002614355727572404,83.50415072007044
2022-12-19 00:00:00+00:00,21.799999237060547,21.799999237060547,22.950000762939453,21.59000015258789,22.84000015258789,2394300,-0.052585874827698276,83.85009998945763
2022-12-20 00:00:00+00:00,22.65999984741211,22.65999984741211,22.899999618530273,21.31999969482422,21.59000015258789,1887700,0.039449570662807076,84.07772783379887
2022-12-21 00:00:00+00:00,23.209999084472656,23.209999084472656,23.52899932861328,22.5,22.90999984741211,1934700,0.02427181115463961,84.10813111951795
2022-12-22 00:00:00+00:00,22.15999984741211,22.15999984741211,22.905000686645508,21.618000030517578,22.610000610351562,1937100,-0.045239089981825575,84.23658711693281
2022-12-23 00:00:00+00:00,21.989999771118164,21.989999771118164,22.350000381469727,21.559999465942383,21.780000686645508,1804100,-0.007671483640095733,83.21643222644849
2022-12-27 00:00:00+00:00,20.989999771118164,20.989999771118164,21.90999984741211,20.93000030517578,21.90999984741211,1757200,-0.0454752164806026,81.40281475657031
2022-12-28 00:00:00+00:00,20.93000030517578,20.93000030517578,21.149999618530273,20.59000015258789,20.75,1236700,-0.002858478637286166,81.06805685523864
2022-12-29 00:00:00+00:00,22.0,22.0,22.854999542236328,21.125,21.3700008392334,2271400,0.05112277492703221,81.52938455060591
2022-12-30 00:00:00+00:00,22.239999771118164,22.239999771118164,22.344999313354492,21.34000015258789,21.34000015258789,1284900,0.010909080505371094,80.57255392938033
2023-01-03 00:00:00+00:00,21.329999923706055,21.329999923706055,23.09000015258789,21.209999084472656,22.829999923706055,1416200,-0.04091725974718197,80.32200280427068
2023-01-04 00:00:00+00:00,20.5,20.5,21.65999984741211,20.219999313354492,21.510000228881836,2372800,-0.03891232661391608,80.2299948986698
2023-01-05 00:00:00+00:00,17.924999237060547,17.924999237060547,20.28499984741211,17.809999465942383,20.1200008392334,3887800,-0.1256097933141197,81.56051208863926
2023-01-06 00:00:00+00:00,18.190000534057617,18.190000534057617,18.729999542236328,16.600000381469727,17.889999389648438,3651000,0.014783894464506897,81.61860747251781
2023-01-09 00:00:00+00:00,19.3799991607666,19.3799991607666,19.76799964904785,18.38800048828125,18.56999969482422,3865100,0.06542048332988881,82.19038619524476
2023-01-10 00:00:00+00:00,20.530000686645508,20.530000686645508,20.545000076293945,18.93000030517578,20.18000030517578,3504300,0.059339606588167504,82.61439059065661
2023-01-11 00:00:00+00:00,20.84000015258789,20.84000015258789,21.40999984741211,20.5,20.649999618530273,2461200,0.015099827353831197,82.6436954659357
2023-01-12 00:00:00+00:00,20.190000534057617,20.190000534057617,20.920000076293945,19.510000228881836,20.84000015258789,2924500,-0.031190000660799244,82.21942562416581
2023-01-13 00:00:00+00:00,20.40999984741211,20.40999984741211,20.614999771118164,19.65999984741211,19.75,1815300,0.010896449110211037,81.94050261846714
2023-01-17 00:00:00+00:00,21.3799991607666,21.3799991607666,21.690000534057617,20.1299991607666,20.43000030517578,2253500,0.04752568939766477,82.30531512976135
2023-01-18 00:00:00+00:00,21.239999771118164,21.239999771118164,22.357999801635742,21.1299991607666,21.739999771118164,3145900,-0.006548147574549135,82.03775916699144
2023-01-19 00:00:00+00:00,20.200000762939453,20.200000762939453,21.110000610351562,20.18000030517578,20.920000076293945,1781500,-0.0489641722874633,82.04586364005327
2023-01-20 00:00:00+00:00,21.450000762939453,21.450000762939453,21.510000228881836,20.190000534057617,20.56999969482422,2832400,0.06188118578160395,82.17031278563934
2023-01-23 00:00:00+00:00,23.3799991607666,23.3799991607666,23.5,21.6200008392334,22.100000381469727,4354500,0.08997661208300434,83.21270169297365
2023-01-24 00:00:00+00:00,23.200000762939453,23.200000762939453,23.719999313354492,22.59000015258789,22.889999389648438,3460300,-0.007698819687264935,83.21152812717634
2023-01-25 00:00:00+00:00,22.90999984741211,22.90999984741211,23.239999771118164,21.010000228881836,22.030000686645508,3606100,-0.01250003905131769,83.23274497759951
2023-01-26 00:00:00+00:00,22.260000228881836,22.260000228881836,23.84000015258789,21.020000457763672,22.790000915527344,13683300,-0.02837187354253501,82.82778331613468
2023-01-27 00:00:00+00:00,23.489999771118164,23.489999771118164,23.84000015258789,21.200000762939453,21.549999237060547,8155700,0.05525604355746738,83.04004068186933
2023-01-30 00:00:00+00:00,23.030000686645508,23.030000686645508,23.6200008392334,22.139999389648438,23.25,6617800,-0.019582762407611476,83.10223776413721
2023-01-31 00:00:00+00:00,23.100000381469727,23.100000381469727,23.18000030517578,21.329999923706055,22.649999618530273,8147800,0.0030395003359600103,82.85717529083925
2023-02-01 00:00:00+00:00,24.690000534057617,24.690000534057617,25.0,22.299999237060547,23.280000686645508,7690700,0.06883117430003804,83.35083853657717
2023-02-02 00:00:00+00:00,27.079999923706055,27.079999923706055,27.520000457763672,25.0,25.0,9281400,0.0968002972033819,84.64586151846252
2023-02-03 00:00:00+00:00,25.360000610351562,25.360000610351562,27.139999389648438,24.639999389648438,25.350000381469727,7159700,-0.06351548442394161,84.6905468004285
2023-02-06 00:00:00+00:00,24.639999389648438,24.639999389648438,25.270000457763672,24.219999313354492,24.649999618530273,3565400,-0.02839121464410499,83.69763901978332
2023-02-07 00:00:00+00:00,25.670000076293945,25.670000076293945,25.959999084472656,23.8700008392334,24.809999465942383,3141700,0.04180197695452148,83.80579488888296
2023-02-08 00:00:00+00:00,26.020000457763672,26.020000457763672,26.465999603271484,25.149999618530273,26.1200008392334,4028300,0.013634607730015125,83.64558111304592
2023-02-09 00:00:00+00:00,25.479999542236328,25.479999542236328,26.899999618530273,25.40999984741211,26.479999542236328,3925200,-0.020753301538325775,83.3444655305071
2023-02-10 00:00:00+00:00,25.200000762939453,25.200000762939453,25.469999313354492,24.420000076293945,24.922000885009766,3556600,-0.010988963278148467,83.35465483641426
2023-02-13 00:00:00+00:00,26.799999237060547,26.799999237060547,27.299999237060547,24.954999923706055,26.030000686645508,5688800,0.06349200101906916,83.50671266484936
2023-02-14 00:00:00+00:00,28.270000457763672,28.270000457763672,28.270000457763672,26.25,26.520000457763672,5063600,0.05485079337876719,83.87093868657615
2023-02-15 00:00:00+00:00,29.290000915527344,29.290000915527344,29.719999313354492,27.75,27.940000534057617,4905900,0.03608066647496466,83.44136803270187
2023-02-16 00:00:00+00:00,26.760000228881836,26.760000228881836,28.0,26.65999984741211,27.834999084472656,5665800,-0.08637762402063609,84.38288479000869
2023-02-17 00:00:00+00:00,25.360000610351562,25.360000610351562,26.520000457763672,25.110000610351562,26.170000076293945,2930300,-0.05231687617921865,84.84194832773272
2023-02-21 00:00:00+00:00,24.440000534057617,24.440000534057617,25.229999542236328,24.040000915527344,24.690000534057617,4970800,-0.036277604658984774,84.8540391367907
2023-02-22 00:00:00+00:00,24.530000686645508,24.530000686645508,24.950000762939453,23.950000762939453,24.459999084472656,2643100,0.0036824938879389535,84.55434525574434
2023-02-23 00:00:00+00:00,24.68000030517578,24.68000030517578,25.049999237060547,23.8700008392334,24.989999771118164,1745700,0.006114945549591244,84.46326473643883
2023-02-24 00:00:00+00:00,24.219999313354492,24.219999313354492,24.25,23.43000030517578,23.860000610351562,1846200,-0.018638613700698414,84.46237008695199
2023-02-27 00:00:00+00:00,24.06999969482422,24.06999969482422,24.670000076293945,23.90999984741211,24.389999389648438,1549600,-0.006193213161965971,84.24107072841058
2023-02-28 00:00:00+00:00,24.389999389648438,24.389999389648438,24.719999313354492,24.040000915527344,24.049999237060547,1445000,0.013294545030386073,83.10293661783754
2023-03-01 00:00:00+00:00,23.610000610351562,23.610000610351562,24.479999542236328,23.299999237060547,24.450000762939453,2810500,-0.03198027055416497,83.09674725661655
2023-03-02 00:00:00+00:00,23.90999984741211,23.90999984741211,23.985000610351562,22.760000228881836,23.200000762939453,3097000,0.012706447662225617,83.11537627905015
2023-03-03 00:00:00+00:00,25.860000610351562,25.860000610351562,25.895000457763672,23.979999542236328,24.040000915527344,4092400,0.08155586680819282,82.54328360948955
2023-03-06 00:00:00+00:00,25.809999465942383,25.809999465942383,26.729999542236328,25.56999969482422,25.989999771118164,2667800,-0.00193353222076742,82.05425053951487
2023-03-07 00:00:00+00:00,25.3799991607666,25.3799991607666,26.320999145507812,25.110000610351562,25.809999465942383,5274800,-0.0166602213898992,81.9932862812568
2023-03-08 00:00:00+00:00,25.020000457763672,25.020000457763672,25.610000610351562,24.90999984741211,25.200000762939453,1535000,-0.014184346529034997,82.01348077979908
2023-03-09 00:00:00+00:00,23.110000610351562,23.110000610351562,25.31999969482422,22.510000228881836,24.84000015258789,3681300,-0.07633892136158771,82.84198793725332
2023-03-10 00:00:00+00:00,21.790000915527344,21.790000915527344,23.059999465942383,20.93000030517578,22.860000610351562,5432900,-0.057118115965473226,82.67501235723346
2023-03-13 00:00:00+00:00,22.15999984741211,22.15999984741211,22.600000381469727,20.31999969482422,21.3799991607666,4779500,0.016980216445108498,81.52549981435493
2023-03-14 00:00:00+00:00,22.600000381469727,22.600000381469727,22.93000030517578,21.979999542236328,22.56999969482422,5343600,0.019855619904663557,81.51551339558453
2023-03-15 00:00:00+00:00,22.139999389648438,22.139999389648438,22.549999237060547,21.81999969482422,22.25,3577700,-0.02035402584322321,81.11687589121323
2023-03-16 00:00:00+00:00,22.940000534057617,22.940000534057617,23.010000228881836,21.850000381469727,21.959999084472656,2874600,0.036133747356073664,81.1154388446987
2023-03-17 00:00:00+00:00,21.8799991607666,21.8799991607666,23.170000076293945,21.639999389648438,22.90999984741211,2699300,-0.04620755660913334,81.1591649965238
2023-03-20 00:00:00+00:00,21.610000610351562,21.610000610351562,21.889999389648438,20.834999084472656,21.889999389648438,2128700,-0.012339970784787657,81.05510627213354
2023-03-21 00:00:00+00:00,23.149999618530273,23.149999618530273,23.420000076293945,21.920000076293945,22.0,2276500,0.07126325611675477,80.981709292565
2023-03-22 00:00:00+00:00,21.559999465942383,21.559999465942383,23.030000686645508,21.540000915527344,23.0,1674400,-0.06868251312259999,81.25635604910555
2023-03-23 00:00:00+00:00,22.0,22.0,22.850000381469727,21.325000762939453,22.0,2684300,0.020408188541593875,81.22619509629875
2023-03-24 00:00:00+00:00,20.799999237060547,20.799999237060547,21.75,20.65999984741211,21.649999618530273,2358500,-0.05454548922452063,81.65816825375512
2023-03-27 00:00:00+00:00,20.81999969482422,20.81999969482422,21.18000030517578,20.40999984741211,20.940000534057617,2334900,0.0009615605046771059,81.6574218437237
2023-03-28 00:00:00+00:00,20.969999313354492,20.969999313354492,21.200000762939453,20.579999923706055,20.770000457763672,1949100,0.007204592734339155,81.40020668173295
2023-03-29 00:00:00+00:00,21.889999389648438,21.889999389648438,22.1200008392334,21.434999465942383,21.700000762939453,2123800,0.04387220345343801,79.0275773238896
2023-03-30 00:00:00+00:00,22.719999313354492,22.719999313354492,23.059999465942383,22.209999084472656,22.299999237060547,2268300,0.03791685458422411,79.2343142179898
2023-03-31 00:00:00+00:00,24.06999969482422,24.06999969482422,24.299999237060547,22.639999389648438,22.770000457763672,3842000,0.05941903267031412,78.269360472322
2023-04-03 00:00:00+00:00,23.219999313354492,23.219999313354492,24.06999969482422,22.979999542236328,24.030000686645508,2828100,-0.035313684763049746,78.49823575604357
2023-04-04 00:00:00+00:00,22.889999389648438,22.889999389648438,23.45599937438965,22.780000686645508,23.309999465942383,2988100,-0.014211883439473771,78.52105809181049
2023-04-05 00:00:00+00:00,22.06999969482422,22.06999969482422,22.799999237060547,21.510000228881836,22.770000457763672,1716800,-0.035823491336353985,77.95224404371221
2023-04-06 00:00:00+00:00,23.200000762939453,23.200000762939453,23.239999771118164,21.530000686645508,21.799999237060547,1640300,0.051200774070705446,76.31359248945293
2023-04-10 00:00:00+00:00,23.440000534057617,23.440000534057617,23.618000030517578,22.299999237060547,22.809999465942383,1581600,0.010344817380417926,72.60451778080365
2023-04-11 00:00:00+00:00,23.3700008392334,23.3700008392334,23.760000228881836,22.655000686645508,23.049999237060547,2048300,-0.002986335035381593,72.02503979642471
2023-04-12 00:00:00+00:00,24.3799991607666,24.3799991607666,25.68000030517578,24.204999923706055,24.860000610351562,3869000,0.043217727225650204,72.00134776466537
2023-04-13 00:00:00+00:00,25.1200008392334,25.1200008392334,25.25,24.639999389648438,24.760000228881836,2208300,0.030352818045114693,71.38100380920585
2023-04-14 00:00:00+00:00,24.850000381469727,24.850000381469727,25.469999313354492,24.459999084472656,24.729999542236328,2221800,-0.010748425507294379,70.99808679924907
2023-04-17 00:00:00+00:00,24.290000915527344,24.290000915527344,25.139999389648438,24.149999618530273,25.0,1905200,-0.0225351894304181,70.95417329848243
2023-04-18 00:00:00+00:00,24.709999084472656,24.709999084472656,25.325000762939453,24.524999618530273,24.780000686645508,2399500,0.017290990247630145,70.92135040729076
2023-04-19 00:00:00+00:00,25.0,25.0,25.270000457763672,24.149999618530273,24.290000915527344,1815100,0.011736176700612555,70.93385248005949
2023-04-20 00:00:00+00:00,23.6299991607666,23.6299991607666,24.489999771118164,23.405000686645508,24.3700008392334,3283500,-0.05480003356933594,68.85358430535331
2023-04-21 00:00:00+00:00,24.530000686645508,24.530000686645508,24.709999084472656,23.510000228881836,23.75,3960300,0.038087243243461355,68.98063884913533
2023-04-24 00:00:00+00:00,22.700000762939453,22.700000762939453,24.5,22.360000610351562,24.489999771118164,3761200,-0.07460252231881648,69.88460556391612
2023-04-25 00:00:00+00:00,21.229999542236328,21.229999542236328,22.520000457763672,21.1299991607666,22.420000076293945,4030300,-0.06475776085008256,70.55115350053515
2023-04-26 00:00:00+00:00,22.81999969482422,22.81999969482422,23.3700008392334,21.940000534057617,22.0,4364800,0.07489402670144396,70.58383075607169
2023-04-27 00:00:00+00:00,23.020000457763672,23.020000457763672,23.415000915527344,22.360000610351562,23.219999313354492,2940700,0.00876427544321201,70.55464744720126
2023-04-28 00:00:00+00:00,22.0,22.0,22.290000915527344,20.829999923706055,22.110000610351562,4548500,-0.04430931526848292,70.9183819518753
2023-05-01 00:00:00+00:00,21.610000610351562,21.610000610351562,22.329999923706055,21.59000015258789,21.899999618530273,3113100,-0.017727244984019896,69.1603612403464
2023-05-02 00:00:00+00:00,20.5,20.5,21.530000686645508,20.440000534057617,21.270000457763672,3631400,-0.05136513553913802,69.44424073658911
2023-05-03 00:00:00+00:00,19.959999084472656,19.959999084472656,20.799999237060547,19.8700008392334,20.309999465942383,7646800,-0.026341508074504527,69.56168848043329
2023-05-04 00:00:00+00:00,23.200000762939453,23.200000762939453,23.280000686645508,21.100000381469727,21.709999084472656,9273500,0.16232474083564807,73.87112482802594
2023-05-05 00:00:00+00:00,22.65999984741211,22.65999984741211,23.8799991607666,22.469999313354492,23.540000915527344,5448900,-0.02327590076591557,73.9665594433106
2023-05-08 00:00:00+00:00,22.68000030517578,22.68000030517578,22.84000015258789,21.670000076293945,22.170000076293945,4501900,0.0008826327404392043,72.82882748341618
2023-05-09 00:00:00+00:00,22.450000762939453,22.450000762939453,23.104999542236328,22.25,22.6299991607666,3444800,-0.010141073154387947,72.83125246101996
2023-05-10 00:00:00+00:00,23.15999984741211,23.15999984741211,23.31999969482422,22.635000228881836,22.950000762939453,3621000,0.031625793333812435,72.99800162298811
2023-05-11 00:00:00+00:00,23.600000381469727,23.600000381469727,23.780000686645508,22.649999618530273,23.09000015258789,3888300,0.018998296068934772,72.82871956263239
2023-05-12 00:00:00+00:00,22.81999969482422,22.81999969482422,23.75,22.3700008392334,23.479999542236328,2081100,-0.033050876018542286,73.03228233935909
2023-05-15 00:00:00+00:00,24.030000686645508,24.030000686645508,24.200000762939453,22.530000686645508,22.950000762939453,3838900,0.05302370762501485,72.98568441818404
2023-05-16 00:00:00+00:00,24.350000381469727,24.350000381469727,24.510000228881836,23.665000915527344,23.81999969482422,2749100,0.013316674393690553,72.76203383685652
2023-05-17 00:00:00+00:00,26.790000915527344,26.790000915527344,26.829999923706055,24.5,24.5,5773200,0.10020535917175799,74.34159374544173
2023-05-18 00:00:00+00:00,27.3799991607666,27.3799991607666,27.450000762939453,24.920000076293945,25.8700008392334,7618500,0.022023076710583345,74.00794246958418
2023-05-19 00:00:00+00:00,27.3799991607666,27.3799991607666,27.440000534057617,26.729999542236328,27.049999237060547,3575300,0.0,73.98931923569259
2023-05-22 00:00:00+00:00,28.469999313354492,28.469999313354492,28.604999542236328,27.290000915527344,27.43000030517578,3891400,0.03981008714382206,73.79780421673901
2023-05-23 00:00:00+00:00,28.8799991607666,28.8799991607666,29.325000762939453,27.889999389648438,28.100000381469727,5438100,0.014401118977891647,73.80716404423285
2023-05-24 00:00:00+00:00,28.860000610351562,28.860000610351562,29.350000381469727,28.06999969482422,28.149999618530273,3572800,-0.000692470602360884,73.42754160111234
2023-05-25 00:00:00+00:00,27.989999771118164,27.989999771118164,29.520000457763672,27.7549991607666,29.31999969482422,3465500,-0.030145558587457044,73.6148830124364
2023-05-26 00:00:00+00:00,28.709999084472656,28.709999084472656,29.6200008392334,27.8799991607666,27.8799991607666,3265300,0.025723448347342748,73.35434230399818
2023-05-30 00:00:00+00:00,30.84000015258789,30.84000015258789,31.19499969482422,29.25,29.934999465942383,7107200,0.0741902172078861,73.86476321729332
2023-05-31 00:00:00+00:00,31.739999771118164,31.739999771118164,31.899999618530273,30.100000381469727,30.399999618530273,5489700,0.029182866863726398,70.91790649634304
2023-06-01 00:00:00+00:00,32.40999984741211,32.40999984741211,32.560001373291016,30.889999389648438,31.200000762939453,3886600,0.021109013267971433,70.94335822269387
2023-06-02 00:00:00+00:00,34.560001373291016,34.560001373291016,34.9900016784668,33.09000015258789,33.349998474121094,6403800,0.0663375975316638,70.96280613389173
2023-06-05 00:00:00+00:00,35.439998626708984,35.439998626708984,35.48500061035156,33.45000076293945,34.03499984741211,5285700,0.025462882478299198,70.52648045261832
2023-06-06 00:00:00+00:00,36.93000030517578,36.93000030517578,37.36000061035156,35.2599983215332,35.439998626708984,4754700,0.04204293838047368,70.74010308245236
2023-06-07 00:00:00+00:00,34.43000030517578,34.43000030517578,37.400001525878906,34.189998626708984,37.15999984741211,7181800,-0.06769563984134663,71.47147689416369
2023-06-08 00:00:00+00:00,34.77000045776367,34.77000045776367,35.15999984741211,32.04999923706055,33.11000061035156,5707600,0.009875113260942259,71.47000336799876
2023-06-09 00:00:00+00:00,36.380001068115234,36.380001068115234,37.08000183105469,35.31999969482422,35.61000061035156,4486600,0.04630430224777493,71.45234372661655
2023-06-12 00:00:00+00:00,36.779998779296875,36.779998779296875,37.0,35.52000045776367,36.654998779296875,3547900,0.01099498898949225,71.42620382627189
2023-06-13 00:00:00+00:00,37.13999938964844,37.13999938964844,37.5099983215332,34.709999084472656,37.5099983215332,5184900,0.009787945141374044,70.87182050791876
2023-06-14 00:00:00+00:00,34.56999969482422,34.56999969482422,35.79999923706055,33.4900016784668,35.790000915527344,9310300,-0.06919762350724545,71.34495113560048
2023-06-15 00:00:00+00:00,34.4900016784668,34.4900016784668,34.654998779296875,33.029998779296875,33.25,8172400,-0.0023140878525781394,70.06500004302382
2023-06-16 00:00:00+00:00,34.689998626708984,34.689998626708984,35.0099983215332,33.75,35.0,7960800,0.00579869349113582,70.03623745725194
2023-06-20 00:00:00+00:00,33.720001220703125,33.720001220703125,34.946998596191406,33.279998779296875,33.900001525878906,3737200,-0.02796187501890024,70.17734580772579
2023-06-21 00:00:00+00:00,34.720001220703125,34.720001220703125,35.0,32.68000030517578,33.90999984741211,6068100,0.02965598943650183,70.08308871892348
2023-06-22 00:00:00+00:00,34.459999084472656,34.459999084472656,35.189998626708984,32.2599983215332,34.68000030517578,5685500,-0.007488540526762177,69.65356350304563
2023-06-23 00:00:00+00:00,33.130001068115234,33.130001068115234,33.90999984741211,32.83000183105469,33.849998474121094,8057500,-0.0385954164739577,69.88783414686661
2023-06-26 00:00:00+00:00,32.72999954223633,32.72999954223633,33.91999816894531,32.59000015258789,32.7599983215332,2950400,-0.012073694928548373,69.93753010211047
2023-06-27 00:00:00+00:00,33.72999954223633,33.72999954223633,34.125,32.650001525878906,33.400001525878906,2838900,0.030553009898749206,69.3015126377211
2023-06-28 00:00:00+00:00,35.540000915527344,35.540000915527344,35.58000183105469,33.31999969482422,33.5,5441000,0.05366147043745295,68.16094590869928
2023-06-29 00:00:00+00:00,34.34000015258789,34.34000015258789,35.7400016784668,33.540000915527344,35.65999984741211,3701600,-0.03376479268505517,67.57610617997864
2023-06-30 00:00:00+00:00,35.310001373291016,35.310001373291016,35.87099838256836,34.779998779296875,35.02000045776367,3833900,0.02824697776333651,67.48478871071893
2023-07-03 00:00:00+00:00,34.2400016784668,34.2400016784668,35.52799987792969,34.1150016784668,35.45000076293945,1876400,-0.03030302048171485,67.44067283784595
2023-07-05 00:00:00+00:00,34.25,34.25,34.56999969482422,33.709999084472656,34.29999923706055,2576000,0.0002920070398095831,67.42424040591892
2023-07-06 00:00:00+00:00,33.7599983215332,33.7599983215332,33.91999816894531,32.29999923706055,33.33000183105469,3873500,-0.014306618349395506,67.37263330895581
2023-07-07 00:00:00+00:00,33.779998779296875,33.779998779296875,34.689998626708984,33.599998474121094,33.83000183105469,2177900,0.0005924306504161425,67.33343959281541
2023-07-10 00:00:00+00:00,35.029998779296875,35.029998779296875,35.060001373291016,32.86000061035156,33.7599983215332,2958100,0.03700414580139366,66.86552758275897
2023-07-11 00:00:00+00:00,35.97999954223633,35.97999954223633,36.119998931884766,34.88999938964844,35.23500061035156,3194600,0.02711963448599697,66.46767879601332
2023-07-12 00:00:00+00:00,35.81999969482422,35.81999969482422,37.290000915527344,34.86000061035156,36.95000076293945,3511700,-0.004446910768419743,66.26953693535003
2023-07-13 00:00:00+00:00,36.959999084472656,36.959999084472656,37.209999084472656,35.91999816894531,36.36000061035156,4067500,0.031825778876630295,64.8591344151068
2023-07-14 00:00:00+00:00,36.470001220703125,36.470001220703125,37.9900016784668,35.720001220703125,37.04999923706055,4603100,-0.01325751828753119,64.28896790294523
2023-07-17 00:00:00+00:00,37.380001068115234,37.380001068115234,37.88999938964844,36.060001373291016,36.279998779296875,3096600,0.024952010335977937,64.03613819534483
2023-07-18 00:00:00+00:00,37.79999923706055,37.79999923706055,38.5099983215332,36.939998626708984,37.59000015258789,2910000,0.011235905750242692,64.04325285568314
2023-07-19 00:00:00+00:00,39.27000045776367,39.27000045776367,41.2239990234375,38.45000076293945,38.5099983215332,6140300,0.038888921967540124,64.26705494022964
2023-07-20 00:00:00+00:00,37.33000183105469,37.33000183105469,39.099998474121094,37.060001373291016,38.38999938964844,3353400,-0.04940154326699142,64.74438880393261
2023-07-21 00:00:00+00:00,36.9900016784668,36.9900016784668,38.060001373291016,36.63999938964844,37.86000061035156,2749500,-0.009107959708296809,64.75903620714783
2023-07-24 00:00:00+00:00,36.04999923706055,36.04999923706055,37.16999816894531,35.56999969482422,37.060001373291016,3450500,-0.025412338436131,64.92592915316298
2023-07-25 00:00:00+00:00,36.81999969482422,36.81999969482422,37.86000061035156,36.34000015258789,36.34000015258789,2747400,0.021359236451025776,64.71000121890441
2023-07-26 00:00:00+00:00,34.7599983215332,34.7599983215332,35.93000030517578,34.349998474121094,35.83000183105469,4104300,-0.05594789218807594,65.42287056361124
2023-07-27 00:00:00+00:00,34.060001373291016,34.060001373291016,36.189998626708984,33.880001068115234,35.689998626708984,3324600,-0.020138002935648935,64.36020540193257
2023-07-28 00:00:00+00:00,34.45000076293945,34.45000076293945,35.5099983215332,33.720001220703125,34.95000076293945,4280000,0.011450363297820232,64.36618888599261
2023-07-31 00:00:00+00:00,34.540000915527344,34.540000915527344,35.70000076293945,34.10100173950195,34.70000076293945,4262100,0.0026124862291645456,64.28370661542687
2023-08-01 00:00:00+00:00,33.20000076293945,33.20000076293945,34.130001068115234,33.02000045776367,34.060001373291016,6447200,-0.0387956026945413,64.57787524755888
2023-08-02 00:00:00+00:00,31.020000457763672,31.020000457763672,32.689998626708984,30.489999771118164,32.36000061035156,9767300,-0.06566265828551654,64.26276881717678
2023-08-03 00:00:00+00:00,36.060001373291016,36.060001373291016,36.310001373291016,32.15999984741211,32.54999923706055,12420700,0.16247584916672486,68.29670565738705
2023-08-04 00:00:00+00:00,34.88999938964844,34.88999938964844,38.18899917602539,34.83000183105469,36.849998474121094,7398400,-0.032445977234742296,68.54365811651118
2023-08-07 00:00:00+00:00,34.47999954223633,34.47999954223633,35.470001220703125,32.8380012512207,35.18000030517578,3667600,-0.011751213946244787,68.5582079277906
2023-08-08 00:00:00+00:00,34.599998474121094,34.599998474121094,34.68000030517578,32.51499938964844,33.630001068115234,5104300,0.003480247490658339,68.43695452421252
2023-08-09 00:00:00+00:00,33.7599983215332,33.7599983215332,34.619998931884766,33.06999969482422,33.86000061035156,3364400,-0.024277462128102778,68.41767381987252
2023-08-10 00:00:00+00:00,33.779998779296875,33.779998779296875,34.880001068115234,33.095001220703125,34.25,2321200,0.0005924306504161425,67.93173243281973
2023-08-11 00:00:00+00:00,34.0,34.0,34.529998779296875,33.45500183105469,33.56999969482422,2157800,0.006512765797906495,67.87346972409013
2023-08-14 00:00:00+00:00,33.439998626708984,33.439998626708984,34.06999969482422,32.970001220703125,33.689998626708984,2812900,-0.016470628626206296,67.13205793904005
2023-08-15 00:00:00+00:00,33.15999984741211,33.15999984741211,33.709999084472656,32.84000015258789,33.22999954223633,1914200,-0.008373169581210371,66.13269988025945
2023-08-16 00:00:00+00:00,32.849998474121094,32.849998474121094,33.904998779296875,32.56999969482422,32.56999969482422,2464100,-0.00934865424359188,66.12665049386557
2023-08-17 00:00:00+00:00,31.959999084472656,31.959999084472656,32.900001525878906,31.665000915527344,32.79999923706055,2786700,-0.027092828949431214,65.64077502904004
2023-08-18 00:00:00+00:00,32.150001525878906,32.150001525878906,32.43000030517578,30.90999984741211,31.149999618530273,2438700,0.005945007723688001,65.63749162428752
2023-08-21 00:00:00+00:00,32.4900016784668,32.4900016784668,33.11000061035156,31.989999771118164,32.4900016784668,1794400,0.010575431926938217,65.64232291217229
2023-08-22 00:00:00+00:00,32.41999816894531,32.41999816894531,32.880001068115234,31.579999923706055,32.83000183105469,3361300,-0.0021546169869199883,65.35831572902671
2023-08-23 00:00:00+00:00,33.880001068115234,33.880001068115234,34.244998931884766,32.29999923706055,32.61000061035156,3044300,0.045034021641877864,65.45993418637501
2023-08-24 00:00:00+00:00,32.380001068115234,32.380001068115234,34.56999969482422,32.150001525878906,34.349998474121094,2647100,-0.044273906514473604,65.32798065246746
2023-08-25 00:00:00+00:00,32.41999816894531,32.41999816894531,33.08000183105469,31.65999984741211,32.2400016784668,2553400,0.001235240874326804,65.02813387545254
2023-08-28 00:00:00+00:00,31.829999923706055,31.829999923706055,33.209999084472656,31.799999237060547,32.7599983215332,2608100,-0.018198589715048397,65.05986101124334
2023-08-29 00:00:00+00:00,32.59000015258789,32.59000015258789,33.09000015258789,31.56999969482422,31.709999084472656,2515200,0.023876852990998954,64.81690077118617
2023-08-30 00:00:00+00:00,32.66999816894531,32.66999816894531,33.130001068115234,32.310001373291016,32.63999938964844,2673600,0.0024546798399160963,64.38735750772581
2023-08-31 00:00:00+00:00,33.09000015258789,33.09000015258789,33.70000076293945,32.5099983215332,32.86000061035156,11747900,0.012855892475739816,64.39467117214096
2023-09-01 00:00:00+00:00,33.25,33.25,34.27000045776367,32.935001373291016,33.709999084472656,3819600,0.004835293039416877,64.3842825280985
2023-09-05 00:00:00+00:00,33.7400016784668,33.7400016784668,33.849998474121094,32.3849983215332,32.869998931884766,2766100,0.01473689258546762,64.10446778260875
2023-09-06 00:00:00+00:00,33.34000015258789,33.34000015258789,35.220001220703125,32.970001220703125,33.68000030517578,4457400,-0.011855409187314647,64.01354423439628
2023-09-07 00:00:00+00:00,32.59000015258789,32.59000015258789,33.0,31.510000228881836,32.290000915527344,2393600,-0.022495500796864354,64.1077372470094
2023-09-08 00:00:00+00:00,32.29999923706055,32.29999923706055,33.040000915527344,32.16999816894531,32.560001373291016,2396100,-0.008898463153407365,64.00323715347764
2023-09-11 00:00:00+00:00,34.29999923706055,34.29999923706055,34.31999969482422,32.709999084472656,32.810001373291016,3228400,0.06191950610652741,64.63459471594508
2023-09-12 00:00:00+00:00,33.560001373291016,33.560001373291016,34.459999084472656,32.959999084472656,33.72999954223633,2722600,-0.021574282222431518,64.75038109202012
2023-09-13 00:00:00+00:00,33.54999923706055,33.54999923706055,34.07500076293945,33.31999969482422,33.70000076293945,2517300,-0.00029803742017808776,64.07039846561486
2023-09-14 00:00:00+00:00,33.5,33.5,33.7599983215332,32.31999969482422,33.65999984741211,3485500,-0.0014902902592414113,63.8466865592327
2023-09-15 00:00:00+00:00,32.18000030517578,32.18000030517578,33.65999984741211,31.871000289916992,33.27000045776367,7177800,-0.039402975964902054,62.983740922281186
2023-09-18 00:00:00+00:00,32.68000030517578,32.68000030517578,32.91999816894531,31.649999618530273,31.690000534057617,2678500,0.015537600847057131,62.02691444954429
2023-09-19 00:00:00+00:00,31.790000915527344,31.790000915527344,32.49700164794922,31.475000381469727,32.45000076293945,2516600,-0.02723376319881743,61.21319470702783
2023-09-20 00:00:00+00:00,30.950000762939453,30.950000762939453,32.36000061035156,30.920000076293945,32.04999923706055,1953800,-0.02642340762493045,61.398525648864236
2023-09-21 00:00:00+00:00,29.40999984741211,29.40999984741211,30.5049991607666,29.260000228881836,30.25,3801600,-0.049757702021493655,61.512907686264526
2023-09-22 00:00:00+00:00,29.40999984741211,29.40999984741211,29.959999084472656,29.18000030517578,29.700000762939453,2365600,0.0,61.42057483161256
2023-09-25 00:00:00+00:00,29.6200008392334,29.6200008392334,29.989999771118164,29.1200008392334,29.15999984741211,2974500,0.007140462186699725,60.781819581600516
2023-09-26 00:00:00+00:00,28.40999984741211,28.40999984741211,29.56999969482422,28.329999923706055,29.1299991607666,2856900,-0.040850808829774654,61.011743064601745
2023-09-27 00:00:00+00:00,29.25,29.25,29.549999237060547,28.670000076293945,28.8799991607666,4827900,0.02956705938400095,55.66112993164495
2023-09-28 00:00:00+00:00,28.899999618530273,28.899999618530273,29.84000015258789,28.040000915527344,29.049999237060547,5782000,-0.011965825007511977,55.554520075545256
2023-09-29 00:00:00+00:00,29.610000610351562,29.610000610351562,30.510000228881836,29.329999923706055,29.559999465942383,3974400,0.024567508691801132,55.65837361199032
2023-10-02 00:00:00+00:00,29.6299991607666,29.6299991607666,30.170000076293945,29.25,29.530000686645508,2697600,0.0006753985141103591,55.61852985701389
2023-10-03 00:00:00+00:00,28.290000915527344,28.290000915527344,29.459999084472656,28.040000915527344,29.0,3621200,-0.04522437675305657,55.96172685393262
2023-10-04 00:00:00+00:00,28.8799991607666,28.8799991607666,28.899999618530273,28.18000030517578,28.59000015258789,2691300,0.020855363243039937,55.9763493492425
2023-10-05 00:00:00+00:00,28.260000228881836,28.260000228881836,28.889999389648438,27.84000015258789,28.809999465942383,2641800,-0.021468107683570548,55.81842714047232
2023-10-06 00:00:00+00:00,29.760000228881836,29.760000228881836,29.799999237060547,27.809999465942383,27.950000762939453,3478100,0.053078555833378616,55.81968553708382
2023-10-09 00:00:00+00:00,30.360000610351562,30.360000610351562,30.399999618530273,28.799999237060547,28.850000381469727,3313100,0.020161302985724827,55.863258075847845
2023-10-10 00:00:00+00:00,31.3700008392334,31.3700008392334,31.860000610351562,30.40999984741211,30.420000076293945,3696200,0.03326746405062542,53.86752663024065
2023-10-11 00:00:00+00:00,31.5,31.5,32.4900016784668,31.385000228881836,32.0,3127700,0.004144059843441683,53.77421978575108
2023-10-12 00:00:00+00:00,30.889999389648438,30.889999389648438,32.16999816894531,30.360000610351562,31.18000030517578,2841100,-0.01936509874131942,53.87994792673151
2023-10-13 00:00:00+00:00,29.31999969482422,29.31999969482422,31.389999389648438,28.96500015258789,31.100000381469727,3059300,-0.05082550099856398,54.17120732406148
2023-10-16 00:00:00+00:00,30.360000610351562,30.360000610351562,30.940000534057617,29.450000762939453,29.520000457763672,2279800,0.03547070008022324,54.40801184096428
2023-10-17 00:00:00+00:00,30.530000686645508,30.530000686645508,30.989999771118164,29.511999130249023,29.610000610351562,2388300,0.005599475391182329,54.4119907764852
2023-10-18 00:00:00+00:00,29.700000762939453,29.700000762939453,30.690000534057617,29.65999984741211,30.25,2350100,-0.027186370947876015,54.37070238731797
2023-10-19 00:00:00+00:00,29.81999969482422,29.81999969482422,30.75,29.545000076293945,30.100000381469727,3109200,0.004040367973138448,54.230153552368854
2023-10-20 00:00:00+00:00,28.6200008392334,28.6200008392334,29.899999618530273,28.290000915527344,29.639999389648438,3175800,-0.040241410726744586,53.33105116872788
2023-10-23 00:00:00+00:00,28.139999389648438,28.139999389648438,28.81999969482422,27.34000015258789,28.170000076293945,2647200,-0.016771538627174176,53.18534873370822
2023-10-24 00:00:00+00:00,29.200000762939453,29.200000762939453,29.989999771118164,28.510000228881836,28.510000228881836,2910100,0.03766884848195651,53.42230215948599
2023-10-25 00:00:00+00:00,26.6200008392334,26.6200008392334,28.864999771118164,26.43000030517578,28.6299991607666,6073200,-0.08835615946218,54.135715980641976
2023-10-26 00:00:00+00:00,26.979999542236328,26.979999542236328,27.405000686645508,26.139999389648438,26.56999969482422,3840300,0.013523617267222399,54.014365258153404
2023-10-27 00:00:00+00:00,27.219999313354492,27.219999313354492,27.940000534057617,26.709999084472656,27.81999969482422,3342300,0.008895469799488076,53.578445464770574
2023-10-30 00:00:00+00:00,27.559999465942383,27.559999465942383,27.8700008392334,26.75,27.639999389648438,3231100,0.012490821497599391,52.59752007691228
2023-10-31 00:00:00+00:00,28.90999984741211,28.90999984741211,29.280000686645508,27.43000030517578,27.770000457763672,3673400,0.04898404962373126,53.1795576809865
2023-11-01 00:00:00+00:00,28.1299991607666,28.1299991607666,29.108999252319336,27.760000228881836,28.93000030517578,5716600,-0.026980307532423975,52.78078598517324
2023-11-02 00:00:00+00:00,16.280000686645508,16.280000686645508,16.479999542236328,14.6899995803833,15.949999809265137,57663100,-0.42125840126751557,84.89777462961494
2023-11-03 00:00:00+00:00,17.75,17.75,18.56999969482422,16.920000076293945,16.969999313354492,23833000,0.09029479430921228,86.23870593041943
2023-11-06 00:00:00+00:00,17.639999389648438,17.639999389648438,18.739999771118164,17.239999771118164,18.170000076293945,10528600,-0.006197217484595119,85.63287745800268
2023-11-07 00:00:00+00:00,18.040000915527344,18.040000915527344,19.139999389648438,17.65999984741211,18.0,8381000,0.02267582424711634,85.74403197132399
2023-11-08 00:00:00+00:00,17.799999237060547,17.799999237060547,18.459999084472656,17.75,18.450000762939453,5724900,-0.013303861767558045,85.73830147441548
2023-11-09 00:00:00+00:00,16.889999389648438,16.889999389648438,18.0,16.850000381469727,17.950000762939453,5195700,-0.05112358912451198,85.97567871379206
2023-11-10 00:00:00+00:00,17.68000030517578,17.68000030517578,18.295000076293945,16.690000534057617,16.799999237060547,5538500,0.04677329449825329,86.19442975739905
2023-11-13 00:00:00+00:00,17.959999084472656,17.959999084472656,18.290000915527344,17.260000228881836,17.479999542236328,3443800,0.015837034754739632,86.25624225791022
2023-11-14 00:00:00+00:00,19.68000030517578,19.68000030517578,20.0,18.709999084472656,18.709999084472656,11481400,0.09576844701457454,87.53934881821418
2023-11-15 00:00:00+00:00,19.90999984741211,19.90999984741211,20.549999237060547,19.739999771118164,19.829999923706055,6724400,0.011686968428340938,87.56028052413203
2023-11-16 00:00:00+00:00,18.969999313354492,18.969999313354492,19.69499969482422,18.709999084472656,19.670000076293945,5486900,-0.047212483237652925,87.6695492994045
2023-11-17 00:00:00+00:00,19.010000228881836,19.010000228881836,19.149999618530273,18.625,19.09000015258789,4863800,0.0021086408526742595,87.1888757068048
2023-11-20 00:00:00+00:00,19.3799991607666,19.3799991607666,19.665000915527344,18.68000030517578,19.079999923706055,5383600,0.019463383873222107,87.1419460625668
2023-11-21 00:00:00+00:00,18.979999542236328,18.979999542236328,19.030000686645508,18.469999313354492,19.0,3453400,-0.020639816091429175,87.02886854717954
2023-11-22 00:00:00+00:00,19.190000534057617,19.190000534057617,19.420000076293945,18.8799991607666,19.209999084472656,1824200,0.01106433071054469,86.96263727847898
2023-11-24 00:00:00+00:00,19.200000762939453,19.200000762939453,19.315000534057617,18.96500015258789,19.040000915527344,1191300,0.0005211166546914558,86.96292873078997
2023-11-27 00:00:00+00:00,18.709999084472656,18.709999084472656,19.479999542236328,18.690000534057617,19.020000457763672,4003300,-0.025520919739368764,87.01516824423744
2023-11-28 00:00:00+00:00,20.5,20.5,21.06999969482422,19.059999465942383,19.1200008392334,8869300,0.09567081791109522,88.4416090911914
2023-11-29 00:00:00+00:00,21.219999313354492,21.219999313354492,21.389999389648438,20.559999465942383,20.559999465942383,6130500,0.035121917724609375,88.42038592632758
2023-11-30 00:00:00+00:00,21.219999313354492,21.219999313354492,21.989999771118164,20.969999313354492,21.059999465942383,6914500,0.0,88.28901829856204
2023-12-01 00:00:00+00:00,22.829999923706055,22.829999923706055,22.96500015258789,20.809999465942383,21.5,6463800,0.07587185025676857,89.18069103183976
2023-12-04 00:00:00+00:00,24.06999969482422,24.06999969482422,24.18000030517578,22.59000015258789,22.6200008392334,9255200,0.05431448862295363,89.47255604006232
2023-12-05 00:00:00+00:00,23.34000015258789,23.34000015258789,24.43000030517578,23.09000015258789,24.0,4907300,-0.030328190755785522,89.56646062054291
2023-12-06 00:00:00+00:00,23.209999084472656,23.209999084472656,23.719999313354492,22.989999771118164,23.68000030517578,3103700,-0.005569882916252711,89.45904381238206
2023-12-07 00:00:00+00:00,23.040000915527344,23.040000915527344,23.329999923706055,22.510000228881836,23.329999923706055,3125300,-0.007324350523522427,89.43323593125044
2023-12-08 00:00:00+00:00,22.68000030517578,22.68000030517578,23.1299991607666,22.43000030517578,22.799999237060547,3802100,-0.01562502587007053,89.20132060841537
2023-12-11 00:00:00+00:00,22.6299991607666,22.6299991607666,23.190000534057617,22.34000015258789,22.399999618530273,3314000,-0.0022046359672124316,88.8981657966471
2023-12-12 00:00:00+00:00,22.40999984741211,22.40999984741211,22.93000030517578,21.989999771118164,22.700000762939453,4710100,-0.009721578502570272,88.8992754007628
2023-12-13 00:00:00+00:00,23.829999923706055,23.829999923706055,23.829999923706055,22.219999313354492,22.5,4983300,0.06336457322457001,89.4475279985057
2023-12-14 00:00:00+00:00,25.719999313354492,25.719999313354492,25.809999465942383,24.510000228881836,24.690000534057617,8488300,0.07931176650018656,90.30528641239631
2023-12-15 00:00:00+00:00,24.969999313354492,24.969999313354492,25.774999618530273,24.440000534057617,25.649999618530273,8740000,-0.029160187403682425,89.9947747383915
2023-12-18 00:00:00+00:00,24.6299991607666,24.6299991607666,25.09000015258789,24.059999465942383,24.860000610351562,3384000,-0.013616346092811149,89.96610022762127
2023-12-19 00:00:00+00:00,24.81999969482422,24.81999969482422,25.25,24.65999984741211,24.979999542236328,2358400,0.007714191657800518,89.95457397454449
2023-12-20 00:00:00+00:00,23.610000610351562,23.610000610351562,24.81999969482422,23.559999465942383,24.690000534057617,3874000,-0.04875097096495862,90.26613099125711
2023-12-21 00:00:00+00:00,24.295000076293945,24.295000076293945,24.450000762939453,23.600000381469727,23.959999084472656,3716300,0.02901310665964374,90.2015296217062
2023-12-22 00:00:00+00:00,24.270000457763672,24.270000457763672,24.84000015258789,23.96500015258789,24.5,3528000,-0.0010290026117212303,89.60689871065549
2023-12-26 00:00:00+00:00,24.209999084472656,24.209999084472656,24.3799991607666,23.90999984741211,24.010000228881836,2355600,-0.002472244423539882,85.71013789176418
2023-12-27 00:00:00+00:00,24.079999923706055,24.079999923706055,24.450000762939453,23.8700008392334,24.219999313354492,2504500,-0.0053696474879249,85.57441436021621
2023-12-28 00:00:00+00:00,24.229999542236328,24.229999542236328,24.489999771118164,23.670000076293945,24.0,2527700,0.006229220058368901,85.56936780408331
2023-12-29 00:00:00+00:00,23.399999618530273,23.399999618530273,24.170000076293945,23.3700008392334,24.0,2954100,-0.03425505321447686,85.7204512920463
