Price,Date,Adj Close,Close,High,Low,Open,Volume,Daily Return,Volatility
Ticker,,RIVN,RIVN,RIVN,RIVN,RIVN,RIVN,,
100,2022-04-05,42.189998626708984,42.189998626708984,46.880001068115234,41.88999938964844,46.529998779296875,19576500,-0.09327316282928722,113.8763277895452
101,2022-04-06,40.099998474121094,40.099998474121094,43.349998474121094,39.57099914550781,43.29999923706055,22212700,-0.04953781039624838,108.09151481673445
102,2022-04-07,39.97999954223633,39.97999954223633,40.5,37.599998474121094,40.36000061035156,19428600,-0.0029924921808216487,107.5857804477917
103,2022-04-08,38.79999923706055,38.79999923706055,41.04100036621094,38.308998107910156,39.4900016784668,10675700,-0.0295147653498391,104.56913145558798
104,2022-04-11,39.5,39.5,41.939998626708984,37.150001525878906,37.84000015258789,14206700,0.018041257131542254,101.37341409499274
105,2022-04-12,38.150001525878906,38.150001525878906,41.9900016784668,37.66999816894531,40.22999954223633,14264500,-0.03417717656002772,98.98818753225235
106,2022-04-13,41.150001525878906,41.150001525878906,41.27000045776367,37.310001373291016,38.30500030517578,14068100,0.07863695622567568,97.28269338184748
107,2022-04-14,40.59000015258789,40.59000015258789,41.900001525878906,40.209999084472656,40.25,9206100,-0.013608781349347843,96.93521683822388
108,2022-04-18,38.22999954223633,38.22999954223633,40.63999938964844,37.31999969482422,40.02000045776367,12841600,-0.058142414424235844,96.56330116520905
109,2022-04-19,39.150001525878906,39.150001525878906,39.77000045776367,36.65999984741211,38.189998626708984,11382200,0.024064922695752777,96.63401628231615
110,2022-04-20,36.22999954223633,36.22999954223633,39.45000076293945,36.119998931884766,38.970001220703125,12648500,-0.07458497751813364,97.05452771363707
111,2022-04-21,33.7599983215332,33.7599983215332,37.9900016784668,33.380001068115234,37.189998626708984,21534500,-0.06817557968289889,97.47451273898665
112,2022-04-22,33.61000061035156,33.61000061035156,34.67399978637695,32.400001525878906,33.779998779296875,12670200,-0.004443060386231323,96.66963195580577
113,2022-04-25,33.900001525878906,33.900001525878906,34.849998474121094,33.04999923706055,33.369998931884766,12433700,0.0086284114924422,96.70412086542612
114,2022-04-26,30.68000030517578,30.68000030517578,33.79999923706055,30.579999923706055,33.5099983215332,18830000,-0.09498528247100546,97.5587115956087
115,2022-04-27,31.219999313354492,31.219999313354492,32.83000183105469,30.75,31.920000076293945,15143700,0.01760101052175056,97.53623397193147
116,2022-04-28,32.18000030517578,32.18000030517578,32.334999084472656,29.440000534057617,31.56999969482422,17179300,0.030749551983835,97.49459375716651
117,2022-04-29,30.239999771118164,30.239999771118164,33.779998779296875,30.100000381469727,32.27000045776367,12877400,-0.060285907882530076,95.71129628844012
118,2022-05-02,31.739999771118164,31.739999771118164,31.8799991607666,29.31999969482422,29.940000534057617,13888900,0.04960317497861322,96.1990805031678
119,2022-05-03,31.989999771118164,31.989999771118164,33.630001068115234,31.1200008392334,31.450000762939453,14738500,0.007876496591140203,95.73098276885746
120,2022-05-04,33.91999816894531,33.91999816894531,34.275001525878906,30.549999237060547,31.600000381469727,16040800,0.060331303896089095,96.14698500664059
121,2022-05-05,30.709999084472656,30.709999084472656,33.27000045776367,30.079999923706055,33.04999923706055,15878300,-0.09463441207999523,97.0702496743881
122,2022-05-06,28.790000915527344,28.790000915527344,31.045000076293945,28.709999084472656,30.8700008392334,20691000,-0.06252029391678127,97.09706356792002
123,2022-05-09,22.780000686645508,22.780000686645508,25.82900047302246,22.450000762939453,25.0,84388400,-0.20875304056140043,101.9856923458937
124,2022-05-10,22.790000915527344,22.790000915527344,24.399999618530273,21.0,23.8700008392334,33317000,0.00043899159703264523,102.00983638555401
125,2022-05-11,20.600000381469727,20.600000381469727,23.5,19.25,22.905000686645508,53073500,-0.09609479798509002,102.65371742930517
126,2022-05-12,24.299999237060547,24.299999237060547,26.700000762939453,21.68000030517578,22.190000534057617,73921500,0.17961159160555518,106.19754012671392
127,2022-05-13,26.700000762939453,26.700000762939453,27.979999542236328,26.170000076293945,26.969999313354492,42674900,0.09876549799304524,107.07108060846686
128,2022-05-16,24.860000610351562,24.860000610351562,26.999000549316406,24.329999923706055,26.469999313354492,32135000,-0.06891386142362499,106.58426310230868
129,2022-05-17,27.489999771118164,27.489999771118164,27.8700008392334,25.7189998626709,25.850000381469727,26958800,0.10579240129509437,108.18913182899009
130,2022-05-18,27.290000915527344,27.290000915527344,29.219999313354492,26.309999465942383,27.165000915527344,26828100,-0.007275331293416176,108.16219879020406
131,2022-05-19,29.610000610351562,29.610000610351562,30.40999984741211,27.450000762939453,27.825000762939453,29571900,0.08501281117598625,107.64216443343433
132,2022-05-20,28.920000076293945,28.920000076293945,30.649999618530273,27.280000686645508,30.299999237060547,22757600,-0.02330295575260455,107.56239824845508
133,2022-05-23,27.989999771118164,27.989999771118164,28.610000610351562,26.700000762939453,28.610000610351562,21521800,-0.0321576868161253,107.55069889319995
134,2022-05-24,26.530000686645508,26.530000686645508,27.5,25.540000915527344,27.385000228881836,19068400,-0.05216145396253902,107.4351461337173
135,2022-05-25,27.25,27.25,27.725000381469727,25.719999313354492,26.389999389648438,15742100,0.02713906124084353,107.58612412543276
136,2022-05-26,29.229999542236328,29.229999542236328,29.920000076293945,27.08099937438965,27.229999542236328,14536300,0.07266053366004877,108.4027281285822
137,2022-05-27,30.959999084472656,30.959999084472656,31.820999145507812,29.579999923706055,29.59000015258789,17473200,0.05918575331267251,108.95920642296682
138,2022-05-31,31.399999618530273,31.399999618530273,32.599998474121094,30.09000015258789,32.345001220703125,21305700,0.014211903975096973,107.76547873207261
139,2022-06-01,30.25,30.25,32.220001220703125,29.950000762939453,31.649999618530273,13533300,-0.0366241921178756,107.8058725478946
140,2022-06-02,31.940000534057617,31.940000534057617,32.790000915527344,29.15999984741211,29.389999389648438,15150700,0.05586778624983868,108.28323750950666
141,2022-06-03,30.190000534057617,30.190000534057617,31.459999084472656,29.87700080871582,30.850000381469727,13756000,-0.054790230768279935,108.26853948760035
142,2022-06-06,28.979999542236328,28.979999542236328,31.0,28.674999237060547,30.850000381469727,14661700,-0.040079528665667774,108.25589461835732
143,2022-06-07,29.719999313354492,29.719999313354492,29.760000228881836,27.399999618530273,28.600000381469727,17555100,0.02553484412722873,108.16937341748125
144,2022-06-08,29.799999237060547,29.799999237060547,31.420000076293945,29.6299991607666,29.690000534057617,12660200,0.0026917875354763865,107.70892990140834
145,2022-06-09,28.8700008392334,28.8700008392334,30.209999084472656,28.729999542236328,29.5,10777800,-0.03120800072607255,107.77286821475455
146,2022-06-10,28.360000610351562,28.360000610351562,29.639999389648438,27.709999084472656,28.329999923706055,14376000,-0.017665404019966746,107.07508966652259
147,2022-06-13,26.809999465942383,26.809999465942383,27.8700008392334,26.371000289916992,27.15999984741211,19542300,-0.05465448205397505,107.11060268604416
148,2022-06-14,27.299999237060547,27.299999237060547,28.68000030517578,26.025999069213867,26.690000534057617,16104400,0.018276754228981895,106.80820531874468
149,2022-06-15,29.079999923706055,29.079999923706055,29.559999465942383,27.139999389648438,27.18000030517578,18559600,0.06520149217546889,107.41078306482916
150,2022-06-16,26.420000076293945,26.420000076293945,28.899999618530273,25.799999237060547,27.950000762939453,22035100,-0.09147179691853002,108.27004055188736
151,2022-06-17,26.239999771118164,26.239999771118164,27.170000076293945,25.59000015258789,26.545000076293945,19308400,-0.006813031970325012,107.83252018269853
152,2022-06-21,29.06999969482422,29.06999969482422,30.360000610351562,26.979999542236328,26.979999542236328,25618100,0.1078506077892949,109.30427505050613
153,2022-06-22,28.559999465942383,28.559999465942383,29.979999542236328,28.229999542236328,28.350000381469727,16135200,-0.017543867706769856,108.14078165791132
154,2022-06-23,29.469999313354492,29.469999313354492,29.649999618530273,27.790000915527344,28.860000610351562,14175600,0.031862740351143115,107.82410806210305
155,2022-06-24,29.5,29.5,30.700000762939453,28.860000610351562,29.68000030517578,22063500,0.001018007714439051,104.91772978486699
156,2022-06-27,28.440000534057617,28.440000534057617,30.149999618530273,28.010000228881836,29.56999969482422,11869900,-0.03593218528618247,104.50614559422822
157,2022-06-28,26.989999771118164,26.989999771118164,28.815000534057617,26.861000061035156,28.110000610351562,14406600,-0.05098455470150365,104.15698007551293
158,2022-06-29,26.270000457763672,26.270000457763672,26.979999542236328,25.65999984741211,26.530000686645508,10857700,-0.026676521654696694,103.83428834879867
159,2022-06-30,25.739999771118164,25.739999771118164,26.43000030517578,24.829999923706055,25.93000030517578,11633000,-0.02017513046859787,103.83118838803816
160,2022-07-01,25.700000762939453,25.700000762939453,26.780000686645508,25.295000076293945,25.90999984741211,8544400,-0.0015539630355239087,103.68375005422425
161,2022-07-05,26.860000610351562,26.860000610351562,26.940000534057617,24.479999542236328,25.18000030517578,10455700,0.045136179493227235,103.69318483229364
162,2022-07-06,29.65999984741211,29.65999984741211,30.600000381469727,28.0,28.0,36729400,0.10424419856421951,104.6639544434093
163,2022-07-07,31.6299991607666,31.6299991607666,31.770000457763672,29.65999984741211,30.0,25560900,0.0664193972855458,105.27891179921262
164,2022-07-08,31.989999771118164,31.989999771118164,33.20000076293945,30.559999465942383,31.424999237060547,20009700,0.011381619345665506,104.40614359364781
165,2022-07-11,29.93000030517578,29.93000030517578,32.70000076293945,29.469999313354492,32.349998474121094,18678900,-0.06439510724230235,104.2593435825288
166,2022-07-12,30.149999618530273,30.149999618530273,30.59000015258789,28.950000762939453,29.729999542236328,15862000,0.007350461447086953,103.7849276045183
167,2022-07-13,30.760000228881836,30.760000228881836,31.3700008392334,29.309999465942383,29.5,12542900,0.020232192970797147,103.86379992835137
168,2022-07-14,30.829999923706055,30.829999923706055,30.959999084472656,29.399999618530273,30.540000915527344,10947200,0.002275672766689052,103.83392457719287
169,2022-07-15,31.600000381469727,31.600000381469727,31.6299991607666,29.90999984741211,31.049999237060547,13762700,0.02497568795553562,103.83242154972312
170,2022-07-18,31.799999237060547,31.799999237060547,33.58000183105469,31.700000762939453,32.45000076293945,13577000,0.006329077632166724,103.47624807480102
171,2022-07-19,31.709999084472656,31.709999084472656,32.7400016784668,31.582000732421875,32.220001220703125,16245000,-0.002830193545508064,102.80692469649063
172,2022-07-20,32.7400016784668,32.7400016784668,33.29999923706055,31.788000106811523,31.889999389648438,17831400,0.0324819496604305,101.42106925425911
173,2022-07-21,34.130001068115234,34.130001068115234,34.75,32.70000076293945,32.779998779296875,24446800,0.042455690848746785,101.69590320340373
174,2022-07-22,32.47999954223633,32.47999954223633,35.40999984741211,32.0,35.119998931884766,16935800,-0.04834460809379704,101.32346985138527
175,2022-07-25,32.16999816894531,32.16999816894531,32.81999969482422,31.200000762939453,32.70000076293945,9878500,-0.009544377391012437,100.54469599954503
176,2022-07-26,31.690000534057617,31.690000534057617,31.81999969482422,30.860000610351562,31.333999633789062,7838700,-0.014920660932802088,98.36609935104188
177,2022-07-27,32.0099983215332,32.0099983215332,32.3650016784668,31.010000228881836,32.16999816894531,10371200,0.010097752669069315,98.10903012109915
178,2022-07-28,33.845001220703125,33.845001220703125,33.90999984741211,31.899999618530273,32.79999923706055,11384200,0.05732592925303304,97.98421385496201
179,2022-07-29,34.29999923706055,34.29999923706055,34.3650016784668,32.939998626708984,33.275001525878906,12381200,0.013443581029599638,96.60216562655849
180,2022-08-01,34.810001373291016,34.810001373291016,35.47999954223633,33.834999084472656,34.29999923706055,12399100,0.01486886727622494,96.62876542436256
181,2022-08-02,35.0099983215332,35.0099983215332,35.55500030517578,34.0,34.18000030517578,13829400,0.005745387542433145,96.40651730455649
182,2022-08-03,36.59000015258789,36.59000015258789,36.790000915527344,34.47999954223633,35.439998626708984,14243800,0.04513001733230282,96.14026979714697
183,2022-08-04,36.18000030517578,36.18000030517578,37.290000915527344,35.619998931884766,36.0,12410200,-0.011205243118401875,95.38174097535827
184,2022-08-05,35.66999816894531,35.66999816894531,36.310001373291016,35.10499954223633,36.09000015258789,12314100,-0.014096244663588609,94.935233523742
185,2022-08-08,38.09000015258789,38.09000015258789,39.290000915527344,36.060001373291016,36.560001373291016,16294800,0.06784418581073703,95.3903248007773
186,2022-08-09,36.70000076293945,36.70000076293945,38.09000015258789,36.279998779296875,37.7400016784668,12904500,-0.036492501551066536,93.56064246836844
187,2022-08-10,37.400001525878906,37.400001525878906,38.2599983215332,36.770999908447266,38.189998626708984,15370300,0.01907358987431773,93.58552625702484
188,2022-08-11,38.95000076293945,38.95000076293945,39.95000076293945,37.75,38.60499954223633,35949100,0.04144382817706638,92.89765883825444
189,2022-08-12,38.900001525878906,38.900001525878906,40.560001373291016,37.29999923706055,39.72999954223633,39044000,-0.0012836774346900448,92.61921604934412
190,2022-08-15,37.279998779296875,37.279998779296875,39.290000915527344,36.459999084472656,37.2400016784668,21310400,-0.041645313188594546,92.03199723988926
191,2022-08-16,38.22999954223633,38.22999954223633,38.64500045776367,35.849998474121094,36.959999084472656,17280500,0.025482853917555115,92.0564550653618
192,2022-08-17,36.41999816894531,36.41999816894531,38.130001068115234,36.26499938964844,37.650001525878906,11716100,-0.04734505349107665,91.8339004663443
193,2022-08-18,35.900001525878906,35.900001525878906,36.70000076293945,35.0099983215332,36.459999084472656,8882200,-0.014277777847605644,91.50652208052232
194,2022-08-19,34.45000076293945,34.45000076293945,35.08000183105469,33.77000045776367,34.959999084472656,10999200,-0.04038999167992252,91.72045143114643
195,2022-08-22,33.060001373291016,33.060001373291016,34.064998626708984,32.900001525878906,33.25,11006300,-0.040348312303777,87.62391787858786
196,2022-08-23,32.209999084472656,32.209999084472656,33.59000015258789,31.969999313354492,33.18000030517578,9766800,-0.025710896960369545,87.55357874441889
197,2022-08-24,32.560001373291016,32.560001373291016,33.720001220703125,32.43000030517578,32.470001220703125,9434100,0.010866261992136694,87.44192115704466
198,2022-08-25,32.900001525878906,32.900001525878906,33.369998931884766,32.58100128173828,32.88999938964844,8968400,0.010442264688194758,86.68141533916611
199,2022-08-26,32.11000061035156,32.11000061035156,33.86000061035156,31.440000534057617,32.81999969482422,10728700,-0.02401218476862177,86.74965512590627
200,2022-08-29,32.310001373291016,32.310001373291016,33.2599983215332,31.549999237060547,31.600000381469727,8517300,0.006228612866328476,85.52020594317048
201,2022-08-30,31.889999389648438,31.889999389648438,33.040000915527344,31.44499969482422,32.7400016784668,8541000,-0.012999132336458885,85.19072094517882
202,2022-08-31,32.709999084472656,32.709999084472656,33.13999938964844,31.760000228881836,32.54999923706055,19332800,0.025713380699856403,85.29414159146411
203,2022-09-01,31.950000762939453,31.950000762939453,32.43000030517578,30.709999084472656,32.279998779296875,10468500,-0.023234434203759147,85.24568773547796
204,2022-09-02,32.06999969482422,32.06999969482422,32.560001373291016,30.899999618530273,32.209999084472656,8869500,0.003755835024078058,85.19675433295832
205,2022-09-06,33.220001220703125,33.220001220703125,34.9900016784668,32.02000045776367,32.38999938964844,24795700,0.0358591062308149,85.2204350167302
206,2022-09-07,33.25,33.25,34.400001525878906,32.70000076293945,33.279998779296875,15105300,0.0009030336602811051,84.28424984123949
207,2022-09-08,36.880001068115234,36.880001068115234,36.900001525878906,34.599998474121094,35.2400016784668,44772000,0.10917296445459357,86.04160357844519
208,2022-09-09,37.54999923706055,37.54999923706055,37.880001068115234,35.209999084472656,36.279998779296875,27096200,0.01816697802442757,85.56895338739223
209,2022-09-12,38.7400016784668,38.7400016784668,38.9900016784668,37.75,37.81999969482422,20863000,0.031691144223293666,85.62920223738324
210,2022-09-13,38.7599983215332,38.7599983215332,39.56999969482422,36.849998474121094,37.02000045776367,24593700,0.0005161755859581785,84.75949288062552
211,2022-09-14,40.099998474121094,40.099998474121094,40.345001220703125,37.77399826049805,38.29999923706055,24685800,0.034571728860046225,84.15825563807726
212,2022-09-15,39.689998626708984,39.689998626708984,40.86000061035156,38.88999938964844,39.79999923706055,24202000,-0.010224435486617445,84.17649624331467
213,2022-09-16,39.2599983215332,39.2599983215332,39.810001373291016,38.16999816894531,38.810001373291016,70434800,-0.010833971278759846,84.20047711091209
214,2022-09-19,37.939998626708984,37.939998626708984,38.88999938964844,37.0099983215332,38.81999969482422,18345500,-0.03362200079616995,82.93912630350025
215,2022-09-20,35.75,35.75,38.34000015258789,35.72999954223633,37.709999084472656,17513200,-0.05772268597730712,83.4731057285561
216,2022-09-21,35.099998474121094,35.099998474121094,36.66999816894531,34.84000015258789,35.650001525878906,13975000,-0.018181860863745625,83.4164911006414
217,2022-09-22,33.33000183105469,33.33000183105469,35.18000030517578,33.099998474121094,34.757999420166016,13544200,-0.05042725698040729,83.24287160016033
218,2022-09-23,33.560001373291016,33.560001373291016,33.58300018310547,31.770000457763672,32.709999084472656,16238500,0.00690067595562005,82.90109124285975
219,2022-09-26,33.849998474121094,33.849998474121094,35.04999923706055,33.18000030517578,33.41999816894531,11315900,0.008641152829656162,82.90257910802578
220,2022-09-27,33.790000915527344,33.790000915527344,35.16999816894531,33.18000030517578,34.91999816894531,11482000,-0.0017724538049719296,82.3733715663762
221,2022-09-28,35.08000183105469,35.08000183105469,35.25,33.54999923706055,33.86000061035156,11277400,0.03817700149675218,81.1245944314028
222,2022-09-29,32.310001373291016,32.310001373291016,35.7599983215332,32.13999938964844,35.34000015258789,16987900,-0.07896238064935102,81.50183272644803
223,2022-09-30,32.90999984741211,32.90999984741211,34.130001068115234,31.641000747680664,31.75,12381000,0.018570054120055968,74.16438365089508
224,2022-10-03,31.889999389648438,31.889999389648438,32.849998474121094,31.010000228881836,32.72200012207031,13778400,-0.030993633014066435,74.37834575958945
225,2022-10-04,36.29999923706055,36.29999923706055,36.3849983215332,33.79999923706055,34.16999816894531,29058700,0.13828786239624713,75.6112346856846
226,2022-10-05,36.130001068115234,36.130001068115234,36.22999954223633,34.650001525878906,36.16999816894531,15778900,-0.004683145248437159,70.36565712053712
227,2022-10-06,36.7599983215332,36.7599983215332,37.38999938964844,35.279998779296875,36.47999954223633,17266500,0.01743695640169629,68.77125307958418
228,2022-10-07,33.95000076293945,33.95000076293945,36.007999420166016,33.0099983215332,35.709999084472656,22803600,-0.07644172162401097,68.98478442520774
229,2022-10-10,31.479999542236328,31.479999542236328,32.347999572753906,30.15999984741211,32.0,26171500,-0.07275408439458508,68.0980824886817
230,2022-10-11,32.33000183105469,32.33000183105469,33.685001373291016,30.809999465942383,31.447999954223633,20802800,0.027001343747731665,68.19331098156219
231,2022-10-12,32.349998474121094,32.349998474121094,32.97700119018555,31.565000534057617,32.66999816894531,14040200,0.0006185166079142324,66.90079380389864
232,2022-10-13,32.5,32.5,33.18000030517578,30.329999923706055,30.950000762939453,16135000,0.00463683254881464,66.78135395341941
233,2022-10-14,28.709999084472656,28.709999084472656,33.25,28.614999771118164,33.05500030517578,22520600,-0.11661541278545673,69.18459514747384
234,2022-10-17,30.700000762939453,30.700000762939453,30.84000015258789,29.399999618530273,29.809999465942383,14050600,0.06931388860764742,69.48701484882561
235,2022-10-18,31.639999389648438,31.639999389648438,32.310001373291016,30.989999771118164,32.09600067138672,13668100,0.03061884701461426,69.52073479397102
236,2022-10-19,31.5,31.5,31.760000228881836,30.56999969482422,30.90999984741211,10644900,-0.00442475955591326,68.60971990669961
237,2022-10-20,30.729999542236328,30.729999542236328,32.15999984741211,30.3700008392334,31.100000381469727,10633200,-0.024444458976624506,68.1076440311096
238,2022-10-21,31.920000076293945,31.920000076293945,32.0,30.09000015258789,30.389999389648438,9941800,0.038724391532191316,68.34100081576172
239,2022-10-24,31.34000015258789,31.34000015258789,31.790000915527344,29.450000762939453,31.450000762939453,11197700,-0.01817042363157151,68.144383071653
240,2022-10-25,34.4900016784668,34.4900016784668,34.75,31.325000762939453,31.325000762939453,18931400,0.10051057787307616,69.41173810893002
241,2022-10-26,34.439998626708984,34.439998626708984,35.849998474121094,33.900001525878906,34.0,11335900,-0.0014497839757726672,68.82057977390203
242,2022-10-27,34.5,34.5,35.220001220703125,33.900001525878906,34.369998931884766,8968100,0.00174220022310001,68.48537738896161
243,2022-10-28,34.47999954223633,34.47999954223633,35.06999969482422,34.099998474121094,34.36000061035156,8410900,-0.0005797234134398144,68.38872737492773
244,2022-10-31,34.970001220703125,34.970001220703125,35.994998931884766,33.970001220703125,34.279998779296875,23372500,0.014211185759053446,68.4144368006224
245,2022-11-01,33.47999954223633,33.47999954223633,36.44599914550781,33.380001068115234,36.150001525878906,10366100,-0.042607996181157626,68.58119144498349
246,2022-11-02,31.520000457763672,31.520000457763672,33.755001068115234,31.459999084472656,33.5099983215332,10788300,-0.05854238683605839,69.18987407777685
247,2022-11-03,32.2400016784668,32.2400016784668,33.54999923706055,31.010000228881836,31.280000686645508,8075400,0.022842677990056348,68.66665382799827
248,2022-11-04,31.989999771118164,31.989999771118164,33.5,31.100000381469727,33.43000030517578,8159200,-0.007754401188992843,68.6412950753999
249,2022-11-07,31.31999969482422,31.31999969482422,32.928001403808594,31.010000228881836,32.564998626708984,7414000,-0.020944047548848266,67.99757712791559
250,2022-11-08,31.850000381469727,31.850000381469727,32.84000015258789,30.350000381469727,31.450000762939453,11768900,0.016922116596734593,66.37715616804041
251,2022-11-09,28.06999969482422,28.06999969482422,31.149999618530273,27.360000610351562,31.030000686645508,28081300,-0.11868133881859244,69.10585277975163
252,2022-11-10,32.959999084472656,32.959999084472656,33.52000045776367,31.1299991607666,32.8849983215332,29299900,0.17420731894593122,72.42573092435967
253,2022-11-11,34.900001525878906,34.900001525878906,34.97999954223633,31.920000076293945,33.185001373291016,21051800,0.0588592990076926,72.90759981456702
254,2022-11-14,34.380001068115234,34.380001068115234,35.150001525878906,33.20399856567383,34.38999938964844,12608900,-0.01489972593204858,72.81480117155094
255,2022-11-15,35.150001525878906,35.150001525878906,35.73500061035156,33.91999816894531,34.439998626708984,19268200,0.02239675491103421,72.88227971127638
256,2022-11-16,33.31999969482422,33.31999969482422,34.4900016784668,32.849998474121094,34.35499954223633,10069200,-0.0520626387372235,73.14488624472578
257,2022-11-17,32.06999969482422,32.06999969482422,32.755001068115234,31.709999084472656,32.2400016784668,7890900,-0.03751500634599858,72.92454085945492
258,2022-11-18,30.34000015258789,30.34000015258789,32.689998626708984,29.809999465942383,32.650001525878906,13130200,-0.05394448265353535,73.3319964657442
259,2022-11-21,28.420000076293945,28.420000076293945,30.149999618530273,28.399999618530273,29.68000030517578,13508600,-0.06328279718647845,73.98738064135574
260,2022-11-22,28.940000534057617,28.940000534057617,29.469999313354492,27.850000381469727,28.579999923706055,10770200,0.01829699001997609,74.02985814851037
261,2022-11-23,29.709999084472656,29.709999084472656,30.18000030517578,28.950000762939453,29.270000457763672,9511300,0.026606722052713083,73.81474177902328
262,2022-11-25,29.530000686645508,29.530000686645508,29.639999389648438,29.100000381469727,29.639999389648438,3907600,-0.006058512398986249,71.9821696660747
263,2022-11-28,28.639999389648438,28.639999389648438,29.559999465942383,28.579999923706055,29.100000381469727,7746900,-0.030138885076272937,71.376545826062
264,2022-11-29,28.850000381469727,28.850000381469727,29.489999771118164,28.665000915527344,29.149999618530273,6705700,0.007332437021531302,71.36299676102968
265,2022-11-30,32.040000915527344,32.040000915527344,32.22999954223633,29.020000457763672,29.049999237060547,18375900,0.11057194079299038,72.73888074107012
266,2022-12-01,31.479999542236328,31.479999542236328,32.599998474121094,30.299999237060547,31.96500015258789,12056800,-0.01747819467194911,72.79658756335704
267,2022-12-02,31.360000610351562,31.360000610351562,31.600000381469727,30.25,30.6299991607666,8879100,-0.003811910216954262,72.73877114437617
268,2022-12-05,29.530000686645508,29.530000686645508,31.344999313354492,29.434999465942383,31.010000228881836,7560400,-0.058354588268151764,73.35048314680674
269,2022-12-06,27.889999389648438,27.889999389648438,29.540000915527344,27.424999237060547,29.5,13170700,-0.055536784925939275,73.78193427227508
270,2022-12-07,27.940000534057617,27.940000534057617,28.226999282836914,27.270000457763672,27.75,8877300,0.0017927983328582808,73.77523696973113
271,2022-12-08,28.579999923706055,28.579999923706055,28.639999389648438,27.59000015258789,28.260000228881836,9582500,0.0229062053477167,73.86531440405602
272,2022-12-09,27.290000915527344,27.290000915527344,29.274999618530273,27.2450008392334,28.350000381469727,11334500,-0.04513642447943833,74.02444109343524
273,2022-12-12,25.610000610351562,25.610000610351562,26.899999618530273,25.520000457763672,26.75,19596900,-0.06156102047691403,74.31975240122121
274,2022-12-13,24.959999084472656,24.959999084472656,27.959999084472656,24.6299991607666,27.200000762939453,20597300,-0.025380769636380807,74.04255965772526
275,2022-12-14,24.540000915527344,24.540000915527344,25.579999923706055,24.43000030517578,24.920000076293945,14213100,-0.016826850334565435,74.07154273804885
276,2022-12-15,23.969999313354492,23.969999313354492,25.059999465942383,23.860000610351562,24.030000686645508,13296000,-0.02322744828473866,74.12116604185671
277,2022-12-16,22.479999542236328,22.479999542236328,24.309999465942383,22.299999237060547,23.889999389648438,58554600,-0.062161026858604695,74.71297634980931
278,2022-12-19,22.030000686645508,22.030000686645508,22.739999771118164,21.850000381469727,22.530000686645508,18825200,-0.0200177430940488,74.14454522106567
279,2022-12-20,21.399999618530273,21.399999618530273,22.459999084472656,21.290000915527344,21.850000381469727,15114700,-0.028597414819743427,74.2043387096873
280,2022-12-21,21.030000686645508,21.030000686645508,21.610000610351562,20.729999542236328,21.575000762939453,13435000,-0.01728967002244164,74.1757282737683
281,2022-12-22,19.729999542236328,19.729999542236328,20.809999465942383,18.920000076293945,20.65999984741211,24271200,-0.0618165050862175,74.7239617001302
282,2022-12-23,19.139999389648438,19.139999389648438,19.770000457763672,18.52199935913086,19.764999389648438,18952000,-0.029903708376924576,74.40048465123498
283,2022-12-27,17.739999771118164,17.739999771118164,18.700000762939453,17.649999618530273,18.649999618530273,21663000,-0.07314522796105416,75.16947612928155
284,2022-12-28,17.739999771118164,17.739999771118164,18.260000228881836,17.450000762939453,17.75,20967700,0.0,75.16418216201886
285,2022-12-29,18.729999542236328,18.729999542236328,19.024999618530273,18.139999389648438,18.389999389648438,22063000,0.055806075754856854,74.8874577413001
286,2022-12-30,18.43000030517578,18.43000030517578,18.577999114990234,17.915000915527344,18.25,17181800,-0.016017044548455317,74.74556734629931
287,2023-01-03,17.34000015258789,17.34000015258789,18.989999771118164,17.079999923706055,18.899999618530273,25993900,-0.059142709416113326,75.11382155315366
288,2023-01-04,17.709999084472656,17.709999084472656,18.059999465942383,16.559999465942383,17.200000762939453,28730200,0.02133788515737378,74.85406579665313
289,2023-01-05,16.559999465942383,16.559999465942383,17.3799991607666,16.530000686645508,17.350000381469727,24201200,-0.06493504675212225,75.41524392319194
290,2023-01-06,16.399999618530273,16.399999618530273,16.655000686645508,15.84000015258789,16.09000015258789,22022300,-0.009661826846140142,75.21624651937113
291,2023-01-09,16.6200008392334,16.6200008392334,17.200000762939453,16.469999313354492,16.6200008392334,21572200,0.013414708891489546,75.10755894697647
292,2023-01-10,16.450000762939453,16.450000762939453,17.3700008392334,16.020000457763672,16.81999969482422,26468300,-0.010228644266529807,74.83324240698738
293,2023-01-11,17.079999923706055,17.079999923706055,17.69499969482422,16.184999465942383,16.514999389648438,33365100,0.038297819546971645,75.16479973366475
294,2023-01-12,17.579999923706055,17.579999923706055,17.780000686645508,16.479999542236328,17.25,30584200,0.029274004814603627,75.17427352954519
295,2023-01-13,16.450000762939453,16.450000762939453,16.84000015258789,15.819999694824219,16.81999969482422,42771400,-0.06427754070936231,75.55076647058631
296,2023-01-17,16.93000030517578,16.93000030517578,17.280000686645508,16.371000289916992,16.674999237060547,25623600,0.02917930212609643,75.68583972667055
297,2023-01-18,16.5,16.5,17.709999084472656,16.459999084472656,17.389999389648438,22158100,-0.02539871809951022,75.70758604639963
298,2023-01-19,15.789999961853027,15.789999961853027,16.360000610351562,15.279999732971191,16.23200035095215,28441500,-0.04303030534224073,75.8936583336022
299,2023-01-20,16.229999542236328,16.229999542236328,16.510000228881836,15.545000076293945,15.989999771118164,23673400,0.02786571130122195,76.03040847567463
300,2023-01-23,18.100000381469727,18.100000381469727,18.3799991607666,16.440000534057617,16.479999542236328,41768300,0.11521878570402788,78.39673260306873
301,2023-01-24,18.049999237060547,18.049999237060547,18.6299991607666,17.6200008392334,17.93000030517578,22660100,-0.0027624941080316434,78.38562513500237
302,2023-01-25,18.690000534057617,18.690000534057617,18.764999389648438,17.1200008392334,17.40999984741211,26136500,0.03545713706641096,78.4963693331313
303,2023-01-26,18.309999465942383,18.309999465942383,19.8799991607666,18.010000228881836,19.68000030517578,32276700,-0.02033178476494868,78.47998301579507
304,2023-01-27,19.829999923706055,19.829999923706055,21.440000534057617,18.139999389648438,18.219999313354492,73907100,0.08301477346249841,79.68793617407985
305,2023-01-30,18.040000915527344,18.040000915527344,19.948999404907227,18.010000228881836,19.829999923706055,34992500,-0.09026722214148031,80.6094191765603
306,2023-01-31,19.399999618530273,19.399999618530273,19.43000030517578,17.77199935913086,18.09000015258789,31614400,0.07538795088598671,81.60532044269118
307,2023-02-01,19.709999084472656,19.709999084472656,20.06999969482422,18.21500015258789,19.5,36443900,0.015979354228764064,79.63007334854682
308,2023-02-02,20.8799991607666,20.8799991607666,22.09000015258789,20.31999969482422,20.440000534057617,39070000,0.0593607372217313,80.2018184879215
309,2023-02-03,19.899999618530273,19.899999618530273,21.31999969482422,19.7450008392334,19.979999542236328,27177300,-0.04693484586329588,80.26725645871443
310,2023-02-06,20.219999313354492,20.219999313354492,20.360000610351562,19.610000610351562,19.799999237060547,15772600,0.016080386982834094,80.33441427705664
311,2023-02-07,19.90999984741211,19.90999984741211,20.190000534057617,18.709999084472656,20.170000076293945,28566900,-0.015331329202253774,80.09520483874336
312,2023-02-08,20.079999923706055,20.079999923706055,20.3799991607666,19.450000762939453,19.489999771118164,18650900,0.008538426800442256,80.12381082182081
313,2023-02-09,19.420000076293945,19.420000076293945,20.885000228881836,19.239999771118164,20.489999771118164,18834400,-0.032868518422299764,80.23708923085708
314,2023-02-10,18.850000381469727,18.850000381469727,19.15999984741211,18.549999237060547,18.940000534057617,17148500,-0.02935116851621533,80.2022065842896
315,2023-02-13,18.920000076293945,18.920000076293945,19.065000534057617,18.280000686645508,18.649999618530273,13538600,0.0037135115866115953,79.78018469569518
316,2023-02-14,19.489999771118164,19.489999771118164,19.639999389648438,18.18000030517578,18.56999969482422,17274200,0.03012683364300872,79.94711469213507
317,2023-02-15,21.149999618530273,21.149999618530273,21.149999618530273,18.959999084472656,18.9950008392334,27957200,0.08517187618811728,80.8624195967244
318,2023-02-16,20.68000030517578,20.68000030517578,21.68000030517578,20.31999969482422,20.790000915527344,21737700,-0.022222190157521804,80.90131338986608
319,2023-02-17,20.219999313354492,20.219999313354492,20.56999969482422,19.5,20.399999618530273,16589200,-0.02224376136523365,80.9312775436673
320,2023-02-21,19.079999923706055,19.079999923706055,19.93000030517578,18.969999313354492,19.674999237060547,13737700,-0.0563797936875059,81.35835141861708
321,2023-02-22,19.020000457763672,19.020000457763672,19.53499984741211,18.57200050354004,19.184999465942383,16786900,-0.0031446261101834017,81.07160743248166
322,2023-02-23,18.18000030517578,18.18000030517578,18.93000030517578,17.5,18.889999389648438,25995900,-0.044164044814468784,80.44745573948151
323,2023-02-24,17.31999969482422,17.31999969482422,17.6299991607666,16.905000686645508,17.5,20161600,-0.047304763251666326,80.64637091323938
324,2023-02-27,18.450000762939453,18.450000762939453,18.6299991607666,17.600000381469727,17.760000228881836,20042500,0.06524255704536275,81.30540097166295
325,2023-02-28,19.299999237060547,19.299999237060547,19.760000228881836,18.530000686645508,18.530000686645508,36331100,0.04607037609605347,78.46036389785064
326,2023-03-01,15.760000228881836,15.760000228881836,17.68000030517578,15.5600004196167,17.649999618530273,87442100,-0.18341964498014485,83.41030877741392
327,2023-03-02,15.720000267028809,15.720000267028809,16.190000534057617,15.079999923706055,15.5649995803833,41698200,-0.002538068608636368,83.3222494856527
328,2023-03-03,16.920000076293945,16.920000076293945,17.479999542236328,15.720000267028809,16.020000457763672,48011300,0.07633586443265017,83.61446015393759
329,2023-03-06,17.1299991607666,17.1299991607666,17.739999771118164,16.959999084472656,17.139999389648438,32080000,0.012411293352585728,82.96281066584203
330,2023-03-07,14.640000343322754,14.640000343322754,15.9399995803833,14.609999656677246,15.925000190734863,128729000,-0.14535895735166016,85.75092255837097
331,2023-03-08,15.130000114440918,15.130000114440918,15.229999542236328,14.210000038146973,14.654999732971191,76217700,0.033469928936282534,85.9779612353718
332,2023-03-09,14.529999732971191,14.529999732971191,15.260000228881836,14.440999984741211,14.890000343322754,40790600,-0.03965633687583736,86.124496510879
333,2023-03-10,14.15999984741211,14.15999984741211,14.904999732971191,14.0,14.720000267028809,42475700,-0.02546454868264625,84.35663166239954
334,2023-03-13,13.729999542236328,13.729999542236328,14.109999656677246,13.119999885559082,13.800999641418457,43513000,-0.030367253517616932,83.58284437174055
335,2023-03-14,13.210000038146973,13.210000038146973,14.109999656677246,13.100000381469727,14.09000015258789,36173200,-0.03787323535515996,83.51298447700921
336,2023-03-15,13.029999732971191,13.029999732971191,13.392000198364258,12.795000076293945,12.91100025177002,43498100,-0.013626063940650135,83.51764538070785
337,2023-03-16,13.460000038146973,13.460000038146973,13.5,12.90999984741211,13.079999923706055,30325200,0.03300079155701785,83.71700770291812
338,2023-03-17,13.010000228881836,13.010000228881836,13.319999694824219,12.800000190734863,13.210000038146973,36718200,-0.033432378008157015,83.50080351345409
339,2023-03-20,13.020000457763672,13.020000457763672,13.09000015258789,12.579999923706055,12.779999732971191,30927600,0.0007686570873099985,83.4936498815646
340,2023-03-21,13.609999656677246,13.609999656677246,13.739999771118164,13.130000114440918,13.180000305175781,27341300,0.04531483703303296,82.12691647519468
341,2023-03-22,13.289999961853027,13.289999961853027,13.949000358581543,13.234999656677246,13.8100004196167,23357000,-0.023512101608850755,82.15735028809095
342,2023-03-23,13.710000038146973,13.710000038146973,13.989999771118164,13.40999984741211,13.5,20984200,0.03160271463502573,82.38520540482634
343,2023-03-24,13.619999885559082,13.619999885559082,13.914999961853027,13.260000228881836,13.59000015258789,17770100,-0.006564562533732499,82.37725570917644
344,2023-03-27,13.3100004196167,13.3100004196167,13.84000015258789,13.210000038146973,13.800000190734863,16035400,-0.022760607088629037,82.33370456891868
345,2023-03-28,12.960000038146973,12.960000038146973,13.4350004196167,12.880000114440918,13.329999923706055,16396700,-0.026296045862920114,82.20115286017258
346,2023-03-29,14.239999771118164,14.239999771118164,14.4399995803833,13.180000305175781,13.319999694824219,34237300,0.09876541120398064,83.52676504339577
347,2023-03-30,14.399999618530273,14.399999618530273,14.84000015258789,14.27299976348877,14.550000190734863,24339700,0.01123594452133525,83.44313444111403
348,2023-03-31,15.479999542236328,15.479999542236328,15.680000305175781,14.40999984741211,14.539999961853027,38244700,0.07499999668863078,84.44337335028773
349,2023-04-03,15.229999542236328,15.229999542236328,15.59000015258789,14.630000114440918,15.279999732971191,26714500,-0.01614987127860623,84.4249487005033
350,2023-04-04,15.380000114440918,15.380000114440918,15.795000076293945,14.729999542236328,15.279999732971191,21953000,0.009849020138746889,84.38400179642653
351,2023-04-05,14.630000114440918,14.630000114440918,15.1899995803833,14.380000114440918,15.180000305175781,19066500,-0.048764629025964346,82.71771172557646
352,2023-04-06,14.470000267028809,14.470000267028809,14.8100004196167,14.3100004196167,14.569999694824219,14752500,-0.010936421473720759,77.5598457036772
353,2023-04-10,14.8100004196167,14.8100004196167,14.845000267028809,14.029999732971191,14.319999694824219,14468600,0.023496900228993978,76.99663171540348
354,2023-04-11,14.739999771118164,14.739999771118164,15.085000038146973,14.649999618530273,14.979999542236328,14668600,-0.0047265797782027885,76.98818199714216
355,2023-04-12,14.1899995803833,14.1899995803833,15.239999771118164,14.109999656677246,15.0600004196167,23278000,-0.037313446355171864,76.9864011746545
356,2023-04-13,14.369999885559082,14.369999885559082,14.484999656677246,14.1899995803833,14.399999618530273,13000500,0.012685011310685335,76.7255216349211
357,2023-04-14,13.380000114440918,13.380000114440918,13.920000076293945,13.16100025177002,13.862000465393066,36941100,-0.06889351280462075,77.20132902785414
358,2023-04-17,13.729999542236328,13.729999542236328,14.114999771118164,13.34000015258789,13.390000343322754,24478200,0.026158402451555984,77.02204884510328
359,2023-04-18,13.430000305175781,13.430000305175781,13.729999542236328,13.3100004196167,13.729999542236328,19327200,-0.02184990874454784,76.52667421758082
360,2023-04-19,12.819999694824219,12.819999694824219,13.079999923706055,12.65999984741211,13.0,31590500,-0.04542074434030163,76.67373024203944
361,2023-04-20,12.350000381469727,12.350000381469727,12.78499984741211,12.020000457763672,12.319999694824219,32712600,-0.03666141377087895,76.62699821390835
362,2023-04-21,12.25,12.25,12.380000114440918,11.880000114440918,12.364999771118164,20695000,-0.008097196630031722,76.62665943151713
363,2023-04-24,12.359999656677246,12.359999656677246,12.479999542236328,12.079999923706055,12.300000190734863,14196600,0.008979563810387337,76.58523462167828
364,2023-04-25,12.0,12.0,12.274999618530273,11.960000038146973,12.1899995803833,17876600,-0.02912618662434696,76.62784643862497
365,2023-04-26,12.039999961853027,12.039999961853027,12.329999923706055,11.680000305175781,12.149999618530273,22594500,0.0033333301544189453,74.27441476097401
366,2023-04-27,12.670000076293945,12.670000076293945,12.779999732971191,12.079999923706055,12.170000076293945,22583400,0.05232559106619439,74.88690518362417
367,2023-04-28,12.819999694824219,12.819999694824219,12.954999923706055,12.470000267028809,12.699999809265137,18185000,0.01183895956014469,74.95003199458375
368,2023-05-01,12.649999618530273,12.649999618530273,12.829999923706055,12.369999885559082,12.805000305175781,12868700,-0.013260536688045277,74.5160776541469
369,2023-05-02,12.680000305175781,12.680000305175781,12.869999885559082,12.350000381469727,12.579999923706055,13130200,0.0023715958537706694,74.12847122145462
370,2023-05-03,12.8100004196167,12.8100004196167,13.114999771118164,12.5600004196167,12.680000305175781,14620000,0.010252374709159406,74.16544061352951
371,2023-05-04,12.949999809265137,12.949999809265137,13.149999618530273,12.59000015258789,12.84000015258789,13429000,0.010928913744143953,74.06818870601583
372,2023-05-05,13.40999984741211,13.40999984741211,13.630000114440918,13.095000267028809,13.140000343322754,16753700,0.03552123899012449,74.11180048136421
373,2023-05-08,13.869999885559082,13.869999885559082,14.015000343322754,13.229999542236328,13.430000305175781,23002500,0.03430276236995966,73.84361986913056
374,2023-05-09,13.859999656677246,13.859999656677246,14.085000038146973,13.119999885559082,13.350000381469727,34103300,-0.0007209970414093769,73.77426871416675
375,2023-05-10,14.109999656677246,14.109999656677246,15.739999771118164,14.045000076293945,15.085000038146973,66713400,0.018037518484321113,73.83684161886002
376,2023-05-11,13.84000015258789,13.84000015258789,14.574999809265137,13.720000267028809,14.210000038146973,26179600,-0.019135330308926224,73.81316933191093
377,2023-05-12,12.90999984741211,12.90999984741211,13.970000267028809,12.734999656677246,13.800000190734863,31010200,-0.06719655310132955,73.91775498926886
378,2023-05-15,13.4399995803833,13.4399995803833,13.539999961853027,12.550000190734863,12.59000015258789,22534000,0.041053426741707755,74.22513414178226
379,2023-05-16,13.079999923706055,13.079999923706055,13.329999923706055,12.930000305175781,13.220000267028809,13799400,-0.026785689577155436,74.21029729074763
380,2023-05-17,13.40999984741211,13.40999984741211,13.454999923706055,13.0,13.079999923706055,16167300,0.02522935211245425,74.3205029063879
381,2023-05-18,13.539999961853027,13.539999961853027,13.5600004196167,13.050000190734863,13.399999618530273,13853200,0.009694266660711826,73.75406751557567
382,2023-05-19,13.470000267028809,13.470000267028809,14.300000190734863,13.289999961853027,13.520000457763672,24214000,-0.005169844536294876,73.62594621335565
383,2023-05-22,14.229999542236328,14.229999542236328,14.359999656677246,13.380000114440918,13.470000267028809,20291000,0.05642162287611874,73.33004437176854
384,2023-05-23,14.199999809265137,14.199999809265137,14.760000228881836,14.0,14.039999961853027,18444200,-0.002108203368675343,73.3299873093802
385,2023-05-24,14.380000114440918,14.380000114440918,14.420000076293945,13.600000381469727,13.949999809265137,19055900,0.012676077999545843,72.79506328701267
386,2023-05-25,14.569999694824219,14.569999694824219,14.65999984741211,14.140000343322754,14.270000457763672,16133200,0.013212766263645426,72.79532524031926
387,2023-05-26,15.140000343322754,15.140000343322754,15.460000038146973,14.649999618530273,14.649999618530273,26601700,0.03912152782686884,72.47782051327715
388,2023-05-30,14.869999885559082,14.869999885559082,15.65999984741211,14.4350004196167,15.600000381469727,29933800,-0.01783358333163787,72.44690169214707
389,2023-05-31,14.729999542236328,14.729999542236328,15.010000228881836,14.380000114440918,14.75,49316900,-0.009414952548770006,71.72619365813807
390,2023-06-01,14.579999923706055,14.579999923706055,14.9399995803833,14.020000457763672,14.430000305175781,25361800,-0.010183273807997661,71.72800428411726
391,2023-06-02,14.479999542236328,14.479999542236328,15.069999694824219,14.449999809265137,15.0,20094400,-0.006858736762208939,71.70267454434767
392,2023-06-05,14.34000015258789,14.34000015258789,14.670000076293945,14.024999618530273,14.59000015258789,17602000,-0.009668466441596024,71.7007638513283
393,2023-06-06,14.5,14.5,14.920000076293945,14.109999656677246,14.199999809265137,22214400,0.011157590356317693,71.45753544173635
394,2023-06-07,13.819999694824219,13.819999694824219,14.755000114440918,13.8100004196167,14.699999809265137,30942800,-0.04689657277074355,71.66943692506868
395,2023-06-08,14.050000190734863,14.050000190734863,14.164999961853027,13.649999618530273,13.850000381469727,17716700,0.01664258328433843,71.00965671311418
396,2023-06-09,13.869999885559082,13.869999885559082,14.859999656677246,13.829999923706055,14.260000228881836,25842500,-0.01281140944713155,70.87472599591429
397,2023-06-12,14.0,14.0,14.6899995803833,13.609999656677246,14.029999732971191,33762000,0.009372755264134502,70.78468956985861
398,2023-06-13,15.25,15.25,15.460000038146973,14.095000267028809,14.220000267028809,46597700,0.08928571428571419,71.87542229573587
399,2023-06-14,14.739999771118164,14.739999771118164,15.390000343322754,14.520000457763672,15.170000076293945,34759600,-0.03344263795946467,71.94424199340975
400,2023-06-15,15.239999771118164,15.239999771118164,15.574999809265137,14.390000343322754,14.479999542236328,33097500,0.03392130310474695,69.7565598434035
401,2023-06-16,14.880000114440918,14.880000114440918,16.09000015258789,14.729999542236328,15.300000190734863,92159200,-0.023622025071121988,69.85051033296975
402,2023-06-20,15.699999809265137,15.699999809265137,15.829999923706055,15.0600004196167,15.239999771118164,39557100,0.05510750594876779,70.18006080469357
403,2023-06-21,14.619999885559082,14.619999885559082,16.31999969482422,14.40999984741211,15.949999809265137,49422000,-0.06878980489341835,70.94170189927314
404,2023-06-22,14.149999618530273,14.149999618530273,14.649999618530273,14.020000457763672,14.399999618530273,25705600,-0.03214776133432473,69.80691431517214
405,2023-06-23,13.529999732971191,13.529999732971191,14.020000457763672,13.5,13.960000038146973,23892400,-0.04381624751050561,68.69903649861658
406,2023-06-26,13.449999809265137,13.449999809265137,13.970000267028809,13.380000114440918,13.59000015258789,21634500,-0.005912780878413737,67.57328440115998
407,2023-06-27,13.9399995803833,13.9399995803833,13.949999809265137,13.300000190734863,13.720000267028809,27593800,0.03643121026519447,67.79508143405266
408,2023-06-28,14.640000343322754,14.640000343322754,14.869999885559082,13.819999694824219,13.899999618530273,32296400,0.05021526427622791,67.59782269709295
409,2023-06-29,16.010000228881836,16.010000228881836,16.010000228881836,14.609999656677246,14.739999771118164,48833700,0.09357922496114779,68.92038795021965
410,2023-06-30,16.65999984741211,16.65999984741211,16.75,15.779999732971191,16.219999313354492,40353200,0.04059960082684344,69.18641068048478
411,2023-07-03,19.559999465942383,19.559999465942383,19.700000762939453,17.799999237060547,17.84000015258789,79984800,0.17406960654809045,74.51361516230688
412,2023-07-05,20.43000030517578,20.43000030517578,21.049999237060547,19.434999465942383,20.704999923706055,118923400,0.044478571727378347,74.82487493214181
413,2023-07-06,21.6200008392334,21.6200008392334,21.770000457763672,19.639999389648438,20.049999237060547,98775300,0.0582477002585331,75.16354780947414
414,2023-07-07,24.700000762939453,24.700000762939453,25.6299991607666,22.600000381469727,22.889999389648438,231200200,0.14246067549252062,78.21460063679608
415,2023-07-10,25.510000228881836,25.510000228881836,26.610000610351562,23.579999923706055,25.520000457763672,174169400,0.03279349963250722,78.34883213440041
416,2023-07-11,24.850000381469727,24.850000381469727,25.739999771118164,24.309999465942383,24.809999465942383,94875300,-0.025872200764031072,78.3814996584721
417,2023-07-12,25.90999984741211,25.90999984741211,26.26099967956543,23.709999084472656,25.40999984741211,107585800,0.04265591346762343,77.54190268088549
418,2023-07-13,25.520000457763672,25.520000457763672,26.889999389648438,25.18000030517578,25.81999969482422,100021300,-0.015052079967008969,77.49036005422725
419,2023-07-14,24.81999969482422,24.81999969482422,25.790000915527344,24.540000915527344,25.350000381469727,54454900,-0.027429496488370897,77.53821293817907
420,2023-07-17,23.989999771118164,23.989999771118164,24.579999923706055,23.239999771118164,24.010000228881836,67076000,-0.03344077090698505,77.17391259581896
421,2023-07-18,24.690000534057617,24.690000534057617,25.829999923706055,23.739999771118164,23.889999389648438,66479500,0.02917885659099473,77.27393836608414
422,2023-07-19,24.829999923706055,24.829999923706055,26.030000686645508,24.645000457763672,25.3799991607666,56565000,0.005670287023903597,76.89072049729532
423,2023-07-20,25.809999465942383,25.809999465942383,26.139999389648438,23.850000381469727,24.450000762939453,79330300,0.03946836670348475,76.64209675706338
424,2023-07-21,25.270000457763672,25.270000457763672,27.15999984741211,24.31999969482422,26.5,80834500,-0.02092208521318517,76.14153831883947
425,2023-07-24,25.809999465942383,25.809999465942383,26.3700008392334,24.740999221801758,25.290000915527344,59564500,0.02136917286888318,75.89714378288944
426,2023-07-25,25.350000381469727,25.350000381469727,26.559999465942383,25.190000534057617,25.979999542236328,45926600,-0.01782251429643189,69.7925074684851
427,2023-07-26,27.149999618530273,27.149999618530273,27.6200008392334,25.450000762939453,25.5,73715900,0.07100588599502755,70.54385189916083
428,2023-07-27,26.049999237060547,26.049999237060547,28.059999465942383,25.885000228881836,28.040000915527344,66937600,-0.04051566839503595,70.03372387585864
429,2023-07-28,26.940000534057617,26.940000534057617,27.469999313354492,26.329999923706055,26.65999984741211,48754300,0.03416511796786903,70.17517804425995
430,2023-07-31,27.639999389648438,27.639999389648438,27.780000686645508,26.610000610351562,27.010000228881836,37941600,0.02598362441403368,65.94359994246652
431,2023-08-01,27.299999237060547,27.299999237060547,27.635000228881836,26.350000381469727,27.190000534057617,40142600,-0.012301018816781362,65.87976252288695
432,2023-08-02,25.90999984741211,25.90999984741211,26.479999542236328,24.84000015258789,26.420000076293945,48226700,-0.05091572998146732,66.1054825415482
433,2023-08-03,26.5,26.5,27.010000228881836,25.350000381469727,25.3700008392334,31646800,0.022771136860767704,65.95264129663498
434,2023-08-04,25.260000228881836,25.260000228881836,26.829999923706055,25.18000030517578,26.829999923706055,33437600,-0.046792444193138216,66.24115753560156
435,2023-08-07,24.280000686645508,24.280000686645508,25.739999771118164,23.6299991607666,25.690000534057617,38325800,-0.03879649775758176,66.25722012039994
436,2023-08-08,24.799999237060547,24.799999237060547,25.249000549316406,23.600000381469727,23.780000686645508,57613400,0.021416743645359393,66.2138521649585
437,2023-08-09,22.350000381469727,22.350000381469727,25.729999542236328,22.260000228881836,24.829999923706055,84645900,-0.098790279474267,68.18704281074521
438,2023-08-10,21.90999984741211,21.90999984741211,22.899999618530273,21.510000228881836,22.65999984741211,50575800,-0.019686824454035357,68.01955086200118
439,2023-08-11,21.56999969482422,21.56999969482422,21.979999542236328,21.280000686645508,21.979999542236328,30947200,-0.015518035369956884,68.10119537464395
440,2023-08-14,21.559999465942383,21.559999465942383,21.799999237060547,20.520000457763672,20.899999618530273,33997000,-0.0004636174790598746,67.81472220310269
441,2023-08-15,20.780000686645508,20.780000686645508,21.860000610351562,20.450000762939453,21.65999984741211,31758200,-0.03617805188395362,67.98220375955775
442,2023-08-16,21.040000915527344,21.040000915527344,21.450000762939453,20.200000762939453,20.375,32188400,0.012512041399927787,67.8620826366947
443,2023-08-17,20.950000762939453,20.950000762939453,21.799999237060547,20.65999984741211,21.059999465942383,34911600,-0.004277573606067286,67.85298499356745
444,2023-08-18,20.780000686645508,20.780000686645508,21.170000076293945,20.18000030517578,20.25,25477700,-0.008114561818760135,67.73912409683113
445,2023-08-21,21.18000030517578,21.18000030517578,21.31999969482422,20.739999771118164,20.860000610351562,21257500,0.01924925915846276,67.58332731708573
446,2023-08-22,20.079999923706055,20.079999923706055,21.469999313354492,19.770000457763672,21.3799991607666,30521700,-0.05193580574221801,66.53239817128875
447,2023-08-23,20.31999969482422,20.31999969482422,20.489999771118164,19.610000610351562,19.760000228881836,17583100,0.011952179881974168,66.53439865936049
448,2023-08-24,19.639999389648438,19.639999389648438,20.264999389648438,19.479999542236328,20.200000762939453,18934000,-0.033464582450214664,65.82464357539139
449,2023-08-25,20.06999969482422,20.06999969482422,20.325000762939453,19.56999969482422,19.920000076293945,17059400,0.021894109905238546,65.81683759814618
450,2023-08-28,20.530000686645508,20.530000686645508,20.739999771118164,19.979999542236328,20.299999237060547,14795200,0.022919830533924657,65.88113839727615
451,2023-08-29,22.309999465942383,22.309999465942383,22.329999923706055,20.351999282836914,20.3799991607666,33698400,0.08670232439177372,66.63926705544517
452,2023-08-30,22.8799991607666,22.8799991607666,22.920000076293945,21.979999542236328,22.09000015258789,22796300,0.02554906806225432,66.66776976139049
453,2023-08-31,22.729999542236328,22.729999542236328,23.454999923706055,22.364999771118164,23.030000686645508,26642500,-0.006555927623786095,66.63129817563126
454,2023-09-01,23.309999465942383,23.309999465942383,23.7549991607666,22.459999084472656,23.0,26340300,0.025516935124803464,66.69021137759373
455,2023-09-05,23.389999389648438,23.389999389648438,23.709999084472656,23.1200008392334,23.170000076293945,18911800,0.0034320002376206915,66.33797251777179
456,2023-09-06,23.260000228881836,23.260000228881836,23.420000076293945,22.500999450683594,23.25,18103700,-0.005557895004654645,66.3533547829689
457,2023-09-07,23.420000076293945,23.420000076293945,23.489999771118164,22.43000030517578,22.489999771118164,18546400,0.0068787551950855175,65.26732014143542
458,2023-09-08,23.100000381469727,23.100000381469727,23.739999771118164,22.760000228881836,23.399999618530273,19056000,-0.013663522364721348,65.26702881871498
459,2023-09-11,23.40999984741211,23.40999984741211,23.950000762939453,22.889999389648438,23.5,26320100,0.013419890078922192,65.12352656960209
460,2023-09-12,23.579999923706055,23.579999923706055,24.459999084472656,23.059999465942383,23.209999084472656,23942100,0.00726185721495165,64.5916273289479
461,2023-09-13,23.25,23.25,23.760000228881836,23.204999923706055,23.59000015258789,15641900,-0.013994907751220587,64.30200592082642
462,2023-09-14,24.110000610351562,24.110000610351562,24.170000076293945,23.190000534057617,23.25,21598400,0.03698927356350801,64.42833140983466
463,2023-09-15,24.18000030517578,24.18000030517578,24.6200008392334,23.68000030517578,24.239999771118164,38387000,0.0029033468706824994,64.43220777527584
464,2023-09-18,23.709999084472656,23.709999084472656,24.42099952697754,23.40999984741211,24.030000686645508,20517500,-0.019437601934294446,64.31016047511692
465,2023-09-19,22.739999771118164,22.739999771118164,23.510000228881836,21.809999465942383,23.5,33672800,-0.040910980633049876,64.76718983371612
466,2023-09-20,22.399999618530273,22.399999618530273,23.420000076293945,22.3799991607666,22.959999084472656,19550800,-0.014951633949430443,64.45328650597503
467,2023-09-21,21.530000686645508,21.530000686645508,22.200000762939453,21.520000457763672,21.799999237060547,19974500,-0.038839238691998235,64.84745035099854
468,2023-09-22,20.59000015258789,20.59000015258789,21.93000030517578,20.579999923706055,21.600000381469727,24225700,-0.0436600327022133,65.25556569805043
469,2023-09-25,21.1299991607666,21.1299991607666,21.670000076293945,20.030000686645508,20.399999618530273,24477000,0.026226275093584217,65.33445234715616
470,2023-09-26,22.260000228881836,22.260000228881836,22.670000076293945,21.100000381469727,21.5,37062100,0.05347851930885916,65.76607798458762
471,2023-09-27,23.049999237060547,23.049999237060547,23.329999923706055,21.989999771118164,22.639999389648438,31254100,0.03548962264401534,65.92481863292463
472,2023-09-28,23.079999923706055,23.079999923706055,23.239999771118164,22.229999542236328,23.020000457763672,23054300,0.0013015482706510983,65.76648113465879
473,2023-09-29,24.280000686645508,24.280000686645508,24.5,23.389999389648438,23.450000762939453,35788700,0.051993100819159865,66.01788948657952
474,2023-10-02,23.65999984741211,23.65999984741211,24.8700008392334,23.3700008392334,23.93000030517578,49561600,-0.02553545394149892,66.20373950386696
475,2023-10-03,21.690000534057617,21.690000534057617,23.420000076293945,21.559999465942383,23.18000030517578,42257500,-0.08326286247081138,67.67926493514136
476,2023-10-04,23.690000534057617,23.690000534057617,23.739999771118164,21.58300018310547,21.729999542236328,48606000,0.09220838869319548,68.95673009029616
477,2023-10-05,18.270000457763672,18.270000457763672,21.389999389648438,18.010000228881836,21.200000762939453,189851600,-0.22878851642497655,77.57366085409248
478,2023-10-06,18.920000076293945,18.920000076293945,19.0,17.649999618530273,17.725000381469727,120649100,0.03557742759957416,77.51315751574272
479,2023-10-09,18.780000686645508,18.780000686645508,18.969999313354492,17.788000106811523,18.299999237060547,51715300,-0.00739954487758443,77.37412813253329
480,2023-10-10,19.639999389648438,19.639999389648438,19.979999542236328,19.110000610351562,19.350000381469727,54126000,0.045793326494097286,77.58076508520037
481,2023-10-11,19.3700008392334,19.3700008392334,20.190000534057617,19.100000381469727,19.81999969482422,41638100,-0.013747380794591368,77.63411154819998
482,2023-10-12,19.329999923706055,19.329999923706055,19.889999389648438,18.719999313354492,19.360000610351562,37700400,-0.0020650962206631984,77.6255319805638
483,2023-10-13,19.299999237060547,19.299999237060547,19.46500015258789,18.780000686645508,19.270000457763672,29307500,-0.0015520272511080346,77.18898430586334
484,2023-10-16,19.65999984741211,19.65999984741211,19.790000915527344,19.1299991607666,19.200000762939453,21031100,0.018652882102724533,77.21583552734124
485,2023-10-17,19.899999618530273,19.899999618530273,20.219999313354492,19.209999084472656,19.280000686645508,34080300,0.012207516428325738,77.21460125519079
486,2023-10-18,18.09000015258789,18.09000015258789,19.729999542236328,17.899999618530273,19.709999084472656,45912200,-0.09095474877582244,78.67058341752173
487,2023-10-19,17.15999984741211,17.15999984741211,17.989999771118164,17.06999969482422,17.799999237060547,41423000,-0.051409635010021715,78.93664896413989
488,2023-10-20,16.719999313354492,16.719999313354492,17.389999389648438,16.621999740600586,17.020000457763672,30792800,-0.025641056991266398,78.99755312195987
489,2023-10-23,17.06999969482422,17.06999969482422,17.649999618530273,16.09000015258789,16.549999237060547,30193300,0.02093303802890567,79.02867805330904
490,2023-10-24,17.43000030517578,17.43000030517578,17.649999618530273,16.989999771118164,17.299999237060547,23001800,0.021089667064301043,79.05455687044281
491,2023-10-25,17.020000457763672,17.020000457763672,17.600000381469727,16.959999084472656,17.309999465942383,21207200,-0.023522652910703656,79.15186768335768
492,2023-10-26,16.170000076293945,16.170000076293945,17.010000228881836,15.880000114440918,16.950000762939453,29444900,-0.04994126666324494,79.57137559016809
493,2023-10-27,16.010000228881836,16.010000228881836,16.809999465942383,15.930000305175781,16.709999084472656,23930300,-0.009894857554557324,79.58305225241224
494,2023-10-30,15.720000267028809,15.720000267028809,16.25,15.289999961853027,16.059999465942383,28495600,-0.018113676309002846,79.26102136101943
495,2023-10-31,16.219999313354492,16.219999313354492,16.43000030517578,15.449999809265137,15.710000038146973,42227100,0.03180655456949211,79.36614530703582
496,2023-11-01,16.1299991607666,16.1299991607666,16.298999786376953,15.890000343322754,16.25,18125400,-0.005548714944382915,79.33838456840311
497,2023-11-02,17.59000015258789,17.59000015258789,17.899999618530273,16.6200008392334,16.68000030517578,42818700,0.09051463532450055,80.54664678855984
498,2023-11-03,17.709999084472656,17.709999084472656,18.434999465942383,17.6299991607666,17.950000762939453,31488300,0.00682199720544685,79.36837101699442
499,2023-11-06,17.18000030517578,17.18000030517578,18.149999618530273,16.885000228881836,18.010000228881836,29082900,-0.02992652776371707,79.32950089223193
500,2023-11-07,17.420000076293945,17.420000076293945,17.530000686645508,16.760000228881836,17.1299991607666,45393300,0.013969718676073661,79.19333647547913
501,2023-11-08,17.0,17.0,18.770000457763672,16.329999923706055,18.579999923706055,121273500,-0.024110222414149285,79.19748813945804
502,2023-11-09,15.329999923706055,15.329999923706055,17.3700008392334,15.324999809265137,16.8799991607666,67877300,-0.09823529860552616,80.34185008256922
503,2023-11-10,15.399999618530273,15.399999618530273,15.760000228881836,15.119999885559082,15.420000076293945,48589600,0.004566190161291006,79.55864097637576
504,2023-11-13,16.190000534057617,16.190000534057617,16.3799991607666,15.279999732971191,15.350000381469727,38041900,0.05129876201923822,79.75512408281915
505,2023-11-14,16.899999618530273,16.899999618530273,17.218000411987305,16.56999969482422,16.850000381469727,43215600,0.043854173011241615,79.66991365757555
506,2023-11-15,17.239999771118164,17.239999771118164,17.75,16.25,16.56999969482422,52207500,0.020118352678250462,79.69878173743285
507,2023-11-16,16.389999389648438,16.389999389648438,17.149999618530273,15.930000305175781,17.079999923706055,36672200,-0.04930396709712925,79.96583431962716
508,2023-11-17,16.700000762939453,16.700000762939453,16.950000762939453,16.299999237060547,16.479999542236328,30199500,0.01891405642679933,79.64818542483344
509,2023-11-20,16.93000030517578,16.93000030517578,17.15999984741211,16.729999542236328,16.889999389648438,23589900,0.013772427049628666,78.32406986900618
510,2023-11-21,15.720000267028809,15.720000267028809,16.989999771118164,15.71500015258789,16.700000762939453,38697300,-0.07147076292592003,78.92881728620522
511,2023-11-22,15.979999542236328,15.979999542236328,16.139999389648438,15.729999542236328,15.968000411987305,20168300,0.016539393816223047,73.92236997611077
512,2023-11-24,16.43000030517578,16.43000030517578,16.469999313354492,15.779999732971191,15.979999542236328,15188400,0.02816024880038759,73.71245721115389
513,2023-11-27,16.65999984741211,16.65999984741211,16.770000457763672,16.100000381469727,16.3799991607666,24763900,0.013998754593076423,73.1385813744943
514,2023-11-28,17.420000076293945,17.420000076293945,17.43000030517578,16.170000076293945,16.709999084472656,37881900,0.04561826145513992,69.82690531314773
515,2023-11-29,17.31999969482422,17.31999969482422,18.270000457763672,17.260000228881836,17.700000762939453,47888100,-0.005740550001823053,69.59902128519359
516,2023-11-30,16.760000228881836,16.760000228881836,17.59000015258789,16.690000534057617,17.5,28376600,-0.03233253324535157,69.66091545894331
517,2023-12-01,18.030000686645508,18.030000686645508,18.084999084472656,16.6200008392334,16.80500030517578,39587000,0.07577568260262502,70.40698119863406
518,2023-12-04,17.739999771118164,17.739999771118164,18.25,17.510000228881836,17.760000228881836,31666400,-0.016084354103332976,70.41182038568633
519,2023-12-05,17.40999984741211,17.40999984741211,18.020000457763672,17.291000366210938,17.600000381469727,23840400,-0.018602025251618914,70.34651822116477
520,2023-12-06,18.3799991607666,18.3799991607666,19.420000076293945,17.399999618530273,17.649999618530273,59282800,0.05571506730935871,70.77137780715344
521,2023-12-07,19.190000534057617,19.190000534057617,19.229999542236328,18.299999237060547,18.950000762939453,37583000,0.044069717642861495,70.97554932259793
522,2023-12-08,19.040000915527344,19.040000915527344,19.549999237060547,18.6200008392334,19.040000915527344,34897300,-0.007816551034694363,70.97326702229947
523,2023-12-11,18.950000762939453,18.950000762939453,19.290000915527344,18.770000457763672,19.110000610351562,17753000,-0.004726898543082281,70.668214185999
524,2023-12-12,18.209999084472656,18.209999084472656,18.90999984741211,17.75,18.90999984741211,33865500,-0.03905021892737959,70.84977575331352
525,2023-12-13,19.68000030517578,19.68000030517578,19.690000534057617,17.940000534057617,18.100000381469727,46247700,0.08072494753481729,71.9708334594572
526,2023-12-14,22.43000030517578,22.43000030517578,22.53499984741211,20.299999237060547,20.315000534057617,82961200,0.13973577019085504,75.33654822932837
527,2023-12-15,22.829999923706055,22.829999923706055,22.9950008392334,21.649999618530273,22.75,58996600,0.017833241778332676,74.52820485958786
528,2023-12-18,23.799999237060547,23.799999237060547,24.170000076293945,22.520000457763672,22.600000381469727,46402300,0.04248792451143513,74.56134742604266
529,2023-12-19,24.350000381469727,24.350000381469727,24.520000457763672,23.81999969482422,23.959999084472656,37545500,0.023109292522696334,74.45384922052976
530,2023-12-20,23.18000030517578,23.18000030517578,24.565000534057617,23.149999618530273,24.049999237060547,38421000,-0.04804928369464467,74.72629836949444
531,2023-12-21,23.579999923706055,23.579999923706055,24.1200008392334,23.399999618530273,23.540000915527344,27720800,0.017256238708545535,74.75598293246443
532,2023-12-22,23.209999084472656,23.209999084472656,23.78700065612793,22.799999237060547,23.729999542236328,23959000,-0.01569129942453562,74.35724555532029
533,2023-12-26,23.59000015258789,23.59000015258789,24.614999771118164,23.309999465942383,23.469999313354492,30450100,0.016372300004503293,74.31435421234693
534,2023-12-27,23.729999542236328,23.729999542236328,23.81999969482422,23.139999389648438,23.799999237060547,22593300,0.005934692189184965,73.94033512770447
535,2023-12-28,23.540000915527344,23.540000915527344,24.299999237060547,23.5,23.68000030517578,25289500,-0.008006684802956299,73.68499887430043
536,2023-12-29,23.459999084472656,23.459999084472656,23.93000030517578,23.100000381469727,23.600000381469727,21327900,-0.0033985483408336403,73.6135276585465
